palette_name,tipo_paleta,severidad,n_classes,source_palette_left,source_palette_right,step,hex,oklab_L,oklab_a,oklab_b
D_9_S_AZUL_TURQUESA_5_COMPARATIVA_S_NARANJA_5_COMPARATIVA,divergente,,9,S_AZUL_TURQUESA_5_COMPARATIVA,S_NARANJA_5_COMPARATIVA,1,006466,0.455344,-0.074063,-0.022818
D_9_S_AZUL_TURQUESA_5_COMPARATIVA_S_NARANJA_5_COMPARATIVA,divergente,,9,S_AZUL_TURQUESA_5_COMPARATIVA,S_NARANJA_5_COMPARATIVA,2,228D8F,0.587666,-0.087546,-0.026972
D_9_S_AZUL_TURQUESA_5_COMPARATIVA_S_NARANJA_5_COMPARATIVA,divergente,,9,S_AZUL_TURQUESA_5_COMPARATIVA,S_NARANJA_5_COMPARATIVA,3,55B7B9,0.722408,-0.087546,-0.026972
D_9_S_AZUL_TURQUESA_5_COMPARATIVA_S_NARANJA_5_COMPARATIVA,divergente,,9,S_AZUL_TURQUESA_5_COMPARATIVA,S_NARANJA_5_COMPARATIVA,4,82E3E5,0.856472,-0.087546,-0.026972
D_9_S_AZUL_TURQUESA_5_COMPARATIVA_S_NARANJA_5_COMPARATIVA,divergente,,9,S_AZUL_TURQUESA_5_COMPARATIVA,S_NARANJA_5_COMPARATIVA,5,DAE7DB,0.913671,-0.017745,0.011085
D_9_S_AZUL_TURQUESA_5_COMPARATIVA_S_NARANJA_5_COMPARATIVA,divergente,,9,S_AZUL_TURQUESA_5_COMPARATIVA,S_NARANJA_5_COMPARATIVA,6,FFC198,0.857459,0.052167,0.072697
D_9_S_AZUL_TURQUESA_5_COMPARATIVA_S_NARANJA_5_COMPARATIVA,divergente,,9,S_AZUL_TURQUESA_5_COMPARATIVA,S_NARANJA_5_COMPARATIVA,7,F88C38,0.743684,0.093887,0.130835
D_9_S_AZUL_TURQUESA_5_COMPARATIVA_S_NARANJA_5_COMPARATIVA,divergente,,9,S_AZUL_TURQUESA_5_COMPARATIVA,S_NARANJA_5_COMPARATIVA,8,C56400,0.607384,0.088386,0.123169
D_9_S_AZUL_TURQUESA_5_COMPARATIVA_S_NARANJA_5_COMPARATIVA,divergente,,9,S_AZUL_TURQUESA_5_COMPARATIVA,S_NARANJA_5_COMPARATIVA,9,8D4600,0.474126,0.068995,0.096146
D_9_S_AZUL_TURQUESA_5_COMPARATIVA_S_NARANJA_5_SENSIBLE,divergente,,9,S_AZUL_TURQUESA_5_COMPARATIVA,S_NARANJA_5_SENSIBLE,1,006466,0.455344,-0.074063,-0.022818
D_9_S_AZUL_TURQUESA_5_COMPARATIVA_S_NARANJA_5_SENSIBLE,divergente,,9,S_AZUL_TURQUESA_5_COMPARATIVA,S_NARANJA_5_SENSIBLE,2,228D8F,0.587666,-0.087546,-0.026972
D_9_S_AZUL_TURQUESA_5_COMPARATIVA_S_NARANJA_5_SENSIBLE,divergente,,9,S_AZUL_TURQUESA_5_COMPARATIVA,S_NARANJA_5_SENSIBLE,3,55B7B9,0.722408,-0.087546,-0.026972
D_9_S_AZUL_TURQUESA_5_COMPARATIVA_S_NARANJA_5_SENSIBLE,divergente,,9,S_AZUL_TURQUESA_5_COMPARATIVA,S_NARANJA_5_SENSIBLE,4,82E3E5,0.856472,-0.087546,-0.026972
D_9_S_AZUL_TURQUESA_5_COMPARATIVA_S_NARANJA_5_SENSIBLE,divergente,,9,S_AZUL_TURQUESA_5_COMPARATIVA,S_NARANJA_5_SENSIBLE,5,DAE4D7,0.908589,-0.01563,0.014033
D_9_S_AZUL_TURQUESA_5_COMPARATIVA_S_NARANJA_5_SENSIBLE,divergente,,9,S_AZUL_TURQUESA_5_COMPARATIVA,S_NARANJA_5_SENSIBLE,6,FFB788,0.837133,0.06063,0.08449
D_9_S_AZUL_TURQUESA_5_COMPARATIVA_S_NARANJA_5_SENSIBLE,divergente,,9,S_AZUL_TURQUESA_5_COMPARATIVA,S_NARANJA_5_SENSIBLE,7,E77C23,0.693748,0.093887,0.130835
D_9_S_AZUL_TURQUESA_5_COMPARATIVA_S_NARANJA_5_SENSIBLE,divergente,,9,S_AZUL_TURQUESA_5_COMPARATIVA,S_NARANJA_5_SENSIBLE,8,A65300,0.533965,0.077702,0.10828
D_9_S_AZUL_TURQUESA_5_COMPARATIVA_S_NARANJA_5_SENSIBLE,divergente,,9,S_AZUL_TURQUESA_5_COMPARATIVA,S_NARANJA_5_SENSIBLE,9,663100,0.376286,0.054757,0.076305
D_9_S_AZUL_COBALTO_5_COMPARATIVA_S_NARANJA_5_COMPARATIVA,divergente,,9,S_AZUL_COBALTO_5_COMPARATIVA,S_NARANJA_5_COMPARATIVA,1,0450CA,0.474527,-0.031628,-0.197575
D_9_S_AZUL_COBALTO_5_COMPARATIVA_S_NARANJA_5_COMPARATIVA,divergente,,9,S_AZUL_COBALTO_5_COMPARATIVA,S_NARANJA_5_COMPARATIVA,2,367CF8,0.610375,-0.031482,-0.196665
D_9_S_AZUL_COBALTO_5_COMPARATIVA_S_NARANJA_5_COMPARATIVA,divergente,,9,S_AZUL_COBALTO_5_COMPARATIVA,S_NARANJA_5_COMPARATIVA,3,75A7FF,0.730652,-0.022035,-0.137648
D_9_S_AZUL_COBALTO_5_COMPARATIVA_S_NARANJA_5_COMPARATIVA,divergente,,9,S_AZUL_COBALTO_5_COMPARATIVA,S_NARANJA_5_COMPARATIVA,4,B3CFFF,0.850363,-0.01168,-0.072963
D_9_S_AZUL_COBALTO_5_COMPARATIVA_S_NARANJA_5_COMPARATIVA,divergente,,9,S_AZUL_COBALTO_5_COMPARATIVA,S_NARANJA_5_COMPARATIVA,5,EADFE2,0.913483,0.011818,-0.000183
D_9_S_AZUL_COBALTO_5_COMPARATIVA_S_NARANJA_5_COMPARATIVA,divergente,,9,S_AZUL_COBALTO_5_COMPARATIVA,S_NARANJA_5_COMPARATIVA,6,FFC198,0.857459,0.052167,0.072697
D_9_S_AZUL_COBALTO_5_COMPARATIVA_S_NARANJA_5_COMPARATIVA,divergente,,9,S_AZUL_COBALTO_5_COMPARATIVA,S_NARANJA_5_COMPARATIVA,7,F88C38,0.743684,0.093887,0.130835
D_9_S_AZUL_COBALTO_5_COMPARATIVA_S_NARANJA_5_COMPARATIVA,divergente,,9,S_AZUL_COBALTO_5_COMPARATIVA,S_NARANJA_5_COMPARATIVA,8,C56400,0.607384,0.088386,0.123169
D_9_S_AZUL_COBALTO_5_COMPARATIVA_S_NARANJA_5_COMPARATIVA,divergente,,9,S_AZUL_COBALTO_5_COMPARATIVA,S_NARANJA_5_COMPARATIVA,9,8D4600,0.474126,0.068995,0.096146
D_9_S_AZUL_ACERO_5_COMPARATIVA_S_NARANJA_AMARILLO_5_COMPARATIVA,divergente,,9,S_AZUL_ACERO_5_COMPARATIVA,S_NARANJA_AMARILLO_5_COMPARATIVA,1,226079,0.459562,-0.049114,-0.055453
D_9_S_AZUL_ACERO_5_COMPARATIVA_S_NARANJA_AMARILLO_5_COMPARATIVA,divergente,,9,S_AZUL_ACERO_5_COMPARATIVA,S_NARANJA_AMARILLO_5_COMPARATIVA,2,4A86A0,0.590754,-0.049114,-0.055453
D_9_S_AZUL_ACERO_5_COMPARATIVA_S_NARANJA_AMARILLO_5_COMPARATIVA,divergente,,9,S_AZUL_ACERO_5_COMPARATIVA,S_NARANJA_AMARILLO_5_COMPARATIVA,3,73AFCB,0.723438,-0.049114,-0.055453
D_9_S_AZUL_ACERO_5_COMPARATIVA_S_NARANJA_AMARILLO_5_COMPARATIVA,divergente,,9,S_AZUL_ACERO_5_COMPARATIVA,S_NARANJA_AMARILLO_5_COMPARATIVA,4,9CDAF6,0.855472,-0.049114,-0.055453
D_9_S_AZUL_ACERO_5_COMPARATIVA_S_NARANJA_AMARILLO_5_COMPARATIVA,divergente,,9,S_AZUL_ACERO_5_COMPARATIVA,S_NARANJA_AMARILLO_5_COMPARATIVA,5,E3E5D7,0.916901,-0.007347,0.017206
D_9_S_AZUL_ACERO_5_COMPARATIVA_S_NARANJA_AMARILLO_5_COMPARATIVA,divergente,,9,S_AZUL_ACERO_5_COMPARATIVA,S_NARANJA_AMARILLO_5_COMPARATIVA,6,FFC976,0.867792,0.02618,0.1151
D_9_S_AZUL_ACERO_5_COMPARATIVA_S_NARANJA_AMARILLO_5_COMPARATIVA,divergente,,9,S_AZUL_ACERO_5_COMPARATIVA,S_NARANJA_AMARILLO_5_COMPARATIVA,7,E29D00,0.744366,0.034515,0.151747
D_9_S_AZUL_ACERO_5_COMPARATIVA_S_NARANJA_AMARILLO_5_COMPARATIVA,divergente,,9,S_AZUL_ACERO_5_COMPARATIVA,S_NARANJA_AMARILLO_5_COMPARATIVA,8,AC7600,0.606285,0.028113,0.123598
D_9_S_AZUL_ACERO_5_COMPARATIVA_S_NARANJA_AMARILLO_5_COMPARATIVA,divergente,,9,S_AZUL_ACERO_5_COMPARATIVA,S_NARANJA_AMARILLO_5_COMPARATIVA,9,785200,0.467895,0.021696,0.095386
D_9_S_AZUL_COBALTO_5_COMPARATIVA_S_VERDE_BRILLANTE_5_SENSIBLE,divergente,,9,S_AZUL_COBALTO_5_COMPARATIVA,S_VERDE_BRILLANTE_5_SENSIBLE,1,0450CA,0.474527,-0.031628,-0.197575
D_9_S_AZUL_COBALTO_5_COMPARATIVA_S_VERDE_BRILLANTE_5_SENSIBLE,divergente,,9,S_AZUL_COBALTO_5_COMPARATIVA,S_VERDE_BRILLANTE_5_SENSIBLE,2,367CF8,0.610375,-0.031482,-0.196665
D_9_S_AZUL_COBALTO_5_COMPARATIVA_S_VERDE_BRILLANTE_5_SENSIBLE,divergente,,9,S_AZUL_COBALTO_5_COMPARATIVA,S_VERDE_BRILLANTE_5_SENSIBLE,3,75A7FF,0.730652,-0.022035,-0.137648
D_9_S_AZUL_COBALTO_5_COMPARATIVA_S_VERDE_BRILLANTE_5_SENSIBLE,divergente,,9,S_AZUL_COBALTO_5_COMPARATIVA,S_VERDE_BRILLANTE_5_SENSIBLE,4,B3CFFF,0.850363,-0.01168,-0.072963
D_9_S_AZUL_COBALTO_5_COMPARATIVA_S_VERDE_BRILLANTE_5_SENSIBLE,divergente,,9,S_AZUL_COBALTO_5_COMPARATIVA,S_VERDE_BRILLANTE_5_SENSIBLE,5,C1F0D7,0.916096,-0.056584,0.018607
D_9_S_AZUL_COBALTO_5_COMPARATIVA_S_VERDE_BRILLANTE_5_SENSIBLE,divergente,,9,S_AZUL_COBALTO_5_COMPARATIVA,S_VERDE_BRILLANTE_5_SENSIBLE,6,78F774,0.87527,-0.16485,0.124185
D_9_S_AZUL_COBALTO_5_COMPARATIVA_S_VERDE_BRILLANTE_5_SENSIBLE,divergente,,9,S_AZUL_COBALTO_5_COMPARATIVA,S_VERDE_BRILLANTE_5_SENSIBLE,7,00BF15,0.698901,-0.186766,0.140695
D_9_S_AZUL_COBALTO_5_COMPARATIVA_S_VERDE_BRILLANTE_5_SENSIBLE,divergente,,9,S_AZUL_COBALTO_5_COMPARATIVA,S_VERDE_BRILLANTE_5_SENSIBLE,8,00830A,0.527496,-0.140962,0.10619
D_9_S_AZUL_COBALTO_5_COMPARATIVA_S_VERDE_BRILLANTE_5_SENSIBLE,divergente,,9,S_AZUL_COBALTO_5_COMPARATIVA,S_VERDE_BRILLANTE_5_SENSIBLE,9,004B03,0.357,-0.095401,0.071867
D_9_S_VERDE_LIMA_5_COMPARATIVA_S_NARANJA_AMARILLO_5_COMPARATIVA,divergente,,9,S_VERDE_LIMA_5_COMPARATIVA,S_NARANJA_AMARILLO_5_COMPARATIVA,1,396400,0.454073,-0.086506,0.0937
D_9_S_VERDE_LIMA_5_COMPARATIVA_S_NARANJA_AMARILLO_5_COMPARATIVA,divergente,,9,S_VERDE_LIMA_5_COMPARATIVA,S_NARANJA_AMARILLO_5_COMPARATIVA,2,559300,0.596609,-0.113661,0.123113
D_9_S_VERDE_LIMA_5_COMPARATIVA_S_NARANJA_AMARILLO_5_COMPARATIVA,divergente,,9,S_VERDE_LIMA_5_COMPARATIVA,S_NARANJA_AMARILLO_5_COMPARATIVA,3,7BC333,0.74303,-0.126292,0.136794
D_9_S_VERDE_LIMA_5_COMPARATIVA_S_NARANJA_AMARILLO_5_COMPARATIVA,divergente,,9,S_VERDE_LIMA_5_COMPARATIVA,S_NARANJA_AMARILLO_5_COMPARATIVA,4,ABF46D,0.892,-0.123843,0.134141
D_9_S_VERDE_LIMA_5_COMPARATIVA_S_NARANJA_AMARILLO_5_COMPARATIVA,divergente,,9,S_VERDE_LIMA_5_COMPARATIVA,S_NARANJA_AMARILLO_5_COMPARATIVA,5,E5EDA9,0.924706,-0.035418,0.081131
D_9_S_VERDE_LIMA_5_COMPARATIVA_S_NARANJA_AMARILLO_5_COMPARATIVA,divergente,,9,S_VERDE_LIMA_5_COMPARATIVA,S_NARANJA_AMARILLO_5_COMPARATIVA,6,FFC976,0.867792,0.02618,0.1151
D_9_S_VERDE_LIMA_5_COMPARATIVA_S_NARANJA_AMARILLO_5_COMPARATIVA,divergente,,9,S_VERDE_LIMA_5_COMPARATIVA,S_NARANJA_AMARILLO_5_COMPARATIVA,7,E29D00,0.744366,0.034515,0.151747
D_9_S_VERDE_LIMA_5_COMPARATIVA_S_NARANJA_AMARILLO_5_COMPARATIVA,divergente,,9,S_VERDE_LIMA_5_COMPARATIVA,S_NARANJA_AMARILLO_5_COMPARATIVA,8,AC7600,0.606285,0.028113,0.123598
D_9_S_VERDE_LIMA_5_COMPARATIVA_S_NARANJA_AMARILLO_5_COMPARATIVA,divergente,,9,S_VERDE_LIMA_5_COMPARATIVA,S_NARANJA_AMARILLO_5_COMPARATIVA,9,785200,0.467895,0.021696,0.095386
D_9_S_VERDE_BRILLANTE_5_COMPARATIVA_S_NARANJA_AMARILLO_5_COMPARATIVA,divergente,,9,S_VERDE_BRILLANTE_5_COMPARATIVA,S_NARANJA_AMARILLO_5_COMPARATIVA,1,006806,0.449814,-0.120203,0.090552
D_9_S_VERDE_BRILLANTE_5_COMPARATIVA_S_NARANJA_AMARILLO_5_COMPARATIVA,divergente,,9,S_VERDE_BRILLANTE_5_COMPARATIVA,S_NARANJA_AMARILLO_5_COMPARATIVA,2,009B0F,0.597988,-0.1598,0.12038
D_9_S_VERDE_BRILLANTE_5_COMPARATIVA_S_NARANJA_AMARILLO_5_COMPARATIVA,divergente,,9,S_VERDE_BRILLANTE_5_COMPARATIVA,S_NARANJA_AMARILLO_5_COMPARATIVA,3,28D02D,0.747324,-0.188925,0.142321
D_9_S_VERDE_BRILLANTE_5_COMPARATIVA_S_NARANJA_AMARILLO_5_COMPARATIVA,divergente,,9,S_VERDE_BRILLANTE_5_COMPARATIVA,S_NARANJA_AMARILLO_5_COMPARATIVA,4,84FE7F,0.89891,-0.160088,0.120598
D_9_S_VERDE_BRILLANTE_5_COMPARATIVA_S_NARANJA_AMARILLO_5_COMPARATIVA,divergente,,9,S_VERDE_BRILLANTE_5_COMPARATIVA,S_NARANJA_AMARILLO_5_COMPARATIVA,5,DEF0B0,0.926487,-0.044158,0.073459
D_9_S_VERDE_BRILLANTE_5_COMPARATIVA_S_NARANJA_AMARILLO_5_COMPARATIVA,divergente,,9,S_VERDE_BRILLANTE_5_COMPARATIVA,S_NARANJA_AMARILLO_5_COMPARATIVA,6,FFC976,0.867792,0.02618,0.1151
D_9_S_VERDE_BRILLANTE_5_COMPARATIVA_S_NARANJA_AMARILLO_5_COMPARATIVA,divergente,,9,S_VERDE_BRILLANTE_5_COMPARATIVA,S_NARANJA_AMARILLO_5_COMPARATIVA,7,E29D00,0.744366,0.034515,0.151747
D_9_S_VERDE_BRILLANTE_5_COMPARATIVA_S_NARANJA_AMARILLO_5_COMPARATIVA,divergente,,9,S_VERDE_BRILLANTE_5_COMPARATIVA,S_NARANJA_AMARILLO_5_COMPARATIVA,8,AC7600,0.606285,0.028113,0.123598
D_9_S_VERDE_BRILLANTE_5_COMPARATIVA_S_NARANJA_AMARILLO_5_COMPARATIVA,divergente,,9,S_VERDE_BRILLANTE_5_COMPARATIVA,S_NARANJA_AMARILLO_5_COMPARATIVA,9,785200,0.467895,0.021696,0.095386
D_9_S_VERDE_LIMA_5_COMPARATIVA_S_AZUL_ELECTRICO_5_SENSIBLE,divergente,,9,S_VERDE_LIMA_5_COMPARATIVA,S_AZUL_ELECTRICO_5_SENSIBLE,1,396400,0.454073,-0.086506,0.0937
D_9_S_VERDE_LIMA_5_COMPARATIVA_S_AZUL_ELECTRICO_5_SENSIBLE,divergente,,9,S_VERDE_LIMA_5_COMPARATIVA,S_AZUL_ELECTRICO_5_SENSIBLE,2,559300,0.596609,-0.113661,0.123113
D_9_S_VERDE_LIMA_5_COMPARATIVA_S_AZUL_ELECTRICO_5_SENSIBLE,divergente,,9,S_VERDE_LIMA_5_COMPARATIVA,S_AZUL_ELECTRICO_5_SENSIBLE,3,7BC333,0.74303,-0.126292,0.136794
D_9_S_VERDE_LIMA_5_COMPARATIVA_S_AZUL_ELECTRICO_5_SENSIBLE,divergente,,9,S_VERDE_LIMA_5_COMPARATIVA,S_AZUL_ELECTRICO_5_SENSIBLE,4,ABF46D,0.892,-0.123843,0.134141
D_9_S_VERDE_LIMA_5_COMPARATIVA_S_AZUL_ELECTRICO_5_SENSIBLE,divergente,,9,S_VERDE_LIMA_5_COMPARATIVA,S_AZUL_ELECTRICO_5_SENSIBLE,5,CEECD4,0.914991,-0.039702,0.022333
D_9_S_VERDE_LIMA_5_COMPARATIVA_S_AZUL_ELECTRICO_5_SENSIBLE,divergente,,9,S_VERDE_LIMA_5_COMPARATIVA,S_AZUL_ELECTRICO_5_SENSIBLE,6,BAC2FF,0.828933,0.012256,-0.085248
D_9_S_VERDE_LIMA_5_COMPARATIVA_S_AZUL_ELECTRICO_5_SENSIBLE,divergente,,9,S_VERDE_LIMA_5_COMPARATIVA,S_AZUL_ELECTRICO_5_SENSIBLE,7,858DFF,0.688016,0.023661,-0.164574
D_9_S_VERDE_LIMA_5_COMPARATIVA_S_AZUL_ELECTRICO_5_SENSIBLE,divergente,,9,S_VERDE_LIMA_5_COMPARATIVA,S_AZUL_ELECTRICO_5_SENSIBLE,8,5C4BFF,0.550852,0.035933,-0.249932
D_9_S_VERDE_LIMA_5_COMPARATIVA_S_AZUL_ELECTRICO_5_SENSIBLE,divergente,,9,S_VERDE_LIMA_5_COMPARATIVA,S_AZUL_ELECTRICO_5_SENSIBLE,9,3B00C6,0.399842,0.03489,-0.242676
D_9_S_VERDE_BRILLANTE_5_COMPARATIVA_S_VIOLETA_INTENSO_5_SENSIBLE,divergente,,9,S_VERDE_BRILLANTE_5_COMPARATIVA,S_VIOLETA_INTENSO_5_SENSIBLE,1,006806,0.449814,-0.120203,0.090552
D_9_S_VERDE_BRILLANTE_5_COMPARATIVA_S_VIOLETA_INTENSO_5_SENSIBLE,divergente,,9,S_VERDE_BRILLANTE_5_COMPARATIVA,S_VIOLETA_INTENSO_5_SENSIBLE,2,009B0F,0.597988,-0.1598,0.12038
D_9_S_VERDE_BRILLANTE_5_COMPARATIVA_S_VIOLETA_INTENSO_5_SENSIBLE,divergente,,9,S_VERDE_BRILLANTE_5_COMPARATIVA,S_VIOLETA_INTENSO_5_SENSIBLE,3,28D02D,0.747324,-0.188925,0.142321
D_9_S_VERDE_BRILLANTE_5_COMPARATIVA_S_VIOLETA_INTENSO_5_SENSIBLE,divergente,,9,S_VERDE_BRILLANTE_5_COMPARATIVA,S_VIOLETA_INTENSO_5_SENSIBLE,4,84FE7F,0.89891,-0.160088,0.120598
D_9_S_VERDE_BRILLANTE_5_COMPARATIVA_S_VIOLETA_INTENSO_5_SENSIBLE,divergente,,9,S_VERDE_BRILLANTE_5_COMPARATIVA,S_VIOLETA_INTENSO_5_SENSIBLE,5,CDEDDA,0.917938,-0.040149,0.014912
D_9_S_VERDE_BRILLANTE_5_COMPARATIVA_S_VIOLETA_INTENSO_5_SENSIBLE,divergente,,9,S_VERDE_BRILLANTE_5_COMPARATIVA,S_VIOLETA_INTENSO_5_SENSIBLE,6,CDBCFF,0.833048,0.041115,-0.084338
D_9_S_VERDE_BRILLANTE_5_COMPARATIVA_S_VIOLETA_INTENSO_5_SENSIBLE,divergente,,9,S_VERDE_BRILLANTE_5_COMPARATIVA,S_VIOLETA_INTENSO_5_SENSIBLE,7,A981FF,0.696339,0.079199,-0.162457
D_9_S_VERDE_BRILLANTE_5_COMPARATIVA_S_VIOLETA_INTENSO_5_SENSIBLE,divergente,,9,S_VERDE_BRILLANTE_5_COMPARATIVA,S_VIOLETA_INTENSO_5_SENSIBLE,8,843EEA,0.552495,0.105172,-0.215735
D_9_S_VERDE_BRILLANTE_5_COMPARATIVA_S_VIOLETA_INTENSO_5_SENSIBLE,divergente,,9,S_VERDE_BRILLANTE_5_COMPARATIVA,S_VIOLETA_INTENSO_5_SENSIBLE,9,5800AB,0.398047,0.09524,-0.195363
D_9_S_VERDE_BRILLANTE_5_SENSIBLE_S_VIOLETA_INTENSO_5_SENSIBLE,divergente,,9,S_VERDE_BRILLANTE_5_SENSIBLE,S_VIOLETA_INTENSO_5_SENSIBLE,1,004B03,0.357,-0.095401,0.071867
D_9_S_VERDE_BRILLANTE_5_SENSIBLE_S_VIOLETA_INTENSO_5_SENSIBLE,divergente,,9,S_VERDE_BRILLANTE_5_SENSIBLE,S_VIOLETA_INTENSO_5_SENSIBLE,2,00830A,0.527496,-0.140962,0.10619
D_9_S_VERDE_BRILLANTE_5_SENSIBLE_S_VIOLETA_INTENSO_5_SENSIBLE,divergente,,9,S_VERDE_BRILLANTE_5_SENSIBLE,S_VIOLETA_INTENSO_5_SENSIBLE,3,00BF15,0.698901,-0.186766,0.140695
D_9_S_VERDE_BRILLANTE_5_SENSIBLE_S_VIOLETA_INTENSO_5_SENSIBLE,divergente,,9,S_VERDE_BRILLANTE_5_SENSIBLE,S_VIOLETA_INTENSO_5_SENSIBLE,4,78F774,0.87527,-0.16485,0.124185
D_9_S_VERDE_BRILLANTE_5_SENSIBLE_S_VIOLETA_INTENSO_5_SENSIBLE,divergente,,9,S_VERDE_BRILLANTE_5_SENSIBLE,S_VIOLETA_INTENSO_5_SENSIBLE,5,CAECD7,0.912028,-0.04134,0.015809
D_9_S_VERDE_BRILLANTE_5_SENSIBLE_S_VIOLETA_INTENSO_5_SENSIBLE,divergente,,9,S_VERDE_BRILLANTE_5_SENSIBLE,S_VIOLETA_INTENSO_5_SENSIBLE,6,CDBCFF,0.833048,0.041115,-0.084338
D_9_S_VERDE_BRILLANTE_5_SENSIBLE_S_VIOLETA_INTENSO_5_SENSIBLE,divergente,,9,S_VERDE_BRILLANTE_5_SENSIBLE,S_VIOLETA_INTENSO_5_SENSIBLE,7,A981FF,0.696339,0.079199,-0.162457
D_9_S_VERDE_BRILLANTE_5_SENSIBLE_S_VIOLETA_INTENSO_5_SENSIBLE,divergente,,9,S_VERDE_BRILLANTE_5_SENSIBLE,S_VIOLETA_INTENSO_5_SENSIBLE,8,843EEA,0.552495,0.105172,-0.215735
D_9_S_VERDE_BRILLANTE_5_SENSIBLE_S_VIOLETA_INTENSO_5_SENSIBLE,divergente,,9,S_VERDE_BRILLANTE_5_SENSIBLE,S_VIOLETA_INTENSO_5_SENSIBLE,9,5800AB,0.398047,0.09524,-0.195363
D_9_S_VERDE_BRILLANTE_5_SENSIBLE_S_AZUL_ELECTRICO_5_SENSIBLE,divergente,,9,S_VERDE_BRILLANTE_5_SENSIBLE,S_AZUL_ELECTRICO_5_SENSIBLE,1,004B03,0.357,-0.095401,0.071867
D_9_S_VERDE_BRILLANTE_5_SENSIBLE_S_AZUL_ELECTRICO_5_SENSIBLE,divergente,,9,S_VERDE_BRILLANTE_5_SENSIBLE,S_AZUL_ELECTRICO_5_SENSIBLE,2,00830A,0.527496,-0.140962,0.10619
D_9_S_VERDE_BRILLANTE_5_SENSIBLE_S_AZUL_ELECTRICO_5_SENSIBLE,divergente,,9,S_VERDE_BRILLANTE_5_SENSIBLE,S_AZUL_ELECTRICO_5_SENSIBLE,3,00BF15,0.698901,-0.186766,0.140695
D_9_S_VERDE_BRILLANTE_5_SENSIBLE_S_AZUL_ELECTRICO_5_SENSIBLE,divergente,,9,S_VERDE_BRILLANTE_5_SENSIBLE,S_AZUL_ELECTRICO_5_SENSIBLE,4,78F774,0.87527,-0.16485,0.124185
D_9_S_VERDE_BRILLANTE_5_SENSIBLE_S_AZUL_ELECTRICO_5_SENSIBLE,divergente,,9,S_VERDE_BRILLANTE_5_SENSIBLE,S_AZUL_ELECTRICO_5_SENSIBLE,5,C4EDD7,0.910862,-0.049633,0.015557
D_9_S_VERDE_BRILLANTE_5_SENSIBLE_S_AZUL_ELECTRICO_5_SENSIBLE,divergente,,9,S_VERDE_BRILLANTE_5_SENSIBLE,S_AZUL_ELECTRICO_5_SENSIBLE,6,BAC2FF,0.828933,0.012256,-0.085248
D_9_S_VERDE_BRILLANTE_5_SENSIBLE_S_AZUL_ELECTRICO_5_SENSIBLE,divergente,,9,S_VERDE_BRILLANTE_5_SENSIBLE,S_AZUL_ELECTRICO_5_SENSIBLE,7,858DFF,0.688016,0.023661,-0.164574
D_9_S_VERDE_BRILLANTE_5_SENSIBLE_S_AZUL_ELECTRICO_5_SENSIBLE,divergente,,9,S_VERDE_BRILLANTE_5_SENSIBLE,S_AZUL_ELECTRICO_5_SENSIBLE,8,5C4BFF,0.550852,0.035933,-0.249932
D_9_S_VERDE_BRILLANTE_5_SENSIBLE_S_AZUL_ELECTRICO_5_SENSIBLE,divergente,,9,S_VERDE_BRILLANTE_5_SENSIBLE,S_AZUL_ELECTRICO_5_SENSIBLE,9,3B00C6,0.399842,0.03489,-0.242676
D_9_S_VERDE_CIAN_5_COMPARATIVA_S_ROSA_OCRE_5_COMPARATIVA,divergente,,9,S_VERDE_CIAN_5_COMPARATIVA,S_ROSA_OCRE_5_COMPARATIVA,1,195E91,0.461489,-0.046048,-0.08487
D_9_S_VERDE_CIAN_5_COMPARATIVA_S_ROSA_OCRE_5_COMPARATIVA,divergente,,9,S_VERDE_CIAN_5_COMPARATIVA,S_ROSA_OCRE_5_COMPARATIVA,2,338CB0,0.60361,-0.065772,-0.073641
D_9_S_VERDE_CIAN_5_COMPARATIVA_S_ROSA_OCRE_5_COMPARATIVA,divergente,,9,S_VERDE_CIAN_5_COMPARATIVA,S_ROSA_OCRE_5_COMPARATIVA,3,47BFCE,0.742935,-0.094847,-0.048548
D_9_S_VERDE_CIAN_5_COMPARATIVA_S_ROSA_OCRE_5_COMPARATIVA,divergente,,9,S_VERDE_CIAN_5_COMPARATIVA,S_ROSA_OCRE_5_COMPARATIVA,4,6CF0D6,0.874008,-0.122982,0.003782
D_9_S_VERDE_CIAN_5_COMPARATIVA_S_ROSA_OCRE_5_COMPARATIVA,divergente,,9,S_VERDE_CIAN_5_COMPARATIVA,S_ROSA_OCRE_5_COMPARATIVA,5,D9E9D5,0.917259,-0.023825,0.020593
D_9_S_VERDE_CIAN_5_COMPARATIVA_S_ROSA_OCRE_5_COMPARATIVA,divergente,,9,S_VERDE_CIAN_5_COMPARATIVA,S_ROSA_OCRE_5_COMPARATIVA,6,FFBEA6,0.854516,0.062634,0.053495
D_9_S_VERDE_CIAN_5_COMPARATIVA_S_ROSA_OCRE_5_COMPARATIVA,divergente,,9,S_VERDE_CIAN_5_COMPARATIVA,S_ROSA_OCRE_5_COMPARATIVA,7,EA924C,0.737817,0.073827,0.113744
D_9_S_VERDE_CIAN_5_COMPARATIVA_S_ROSA_OCRE_5_COMPARATIVA,divergente,,9,S_VERDE_CIAN_5_COMPARATIVA,S_ROSA_OCRE_5_COMPARATIVA,8,B17000,0.6016,0.044424,0.122465
D_9_S_VERDE_CIAN_5_COMPARATIVA_S_ROSA_OCRE_5_COMPARATIVA,divergente,,9,S_VERDE_CIAN_5_COMPARATIVA,S_ROSA_OCRE_5_COMPARATIVA,9,775200,0.467644,0.019774,0.095355
D_9_S_NARANJA_AMARILLO_5_COMPARATIVA_S_VERDE_LIMA_5_COMPARATIVA,divergente,,9,S_NARANJA_AMARILLO_5_COMPARATIVA,S_VERDE_LIMA_5_COMPARATIVA,1,785200,0.467895,0.021696,0.095386
D_9_S_NARANJA_AMARILLO_5_COMPARATIVA_S_VERDE_LIMA_5_COMPARATIVA,divergente,,9,S_NARANJA_AMARILLO_5_COMPARATIVA,S_VERDE_LIMA_5_COMPARATIVA,2,AC7600,0.606285,0.028113,0.123598
D_9_S_NARANJA_AMARILLO_5_COMPARATIVA_S_VERDE_LIMA_5_COMPARATIVA,divergente,,9,S_NARANJA_AMARILLO_5_COMPARATIVA,S_VERDE_LIMA_5_COMPARATIVA,3,E29D00,0.744366,0.034515,0.151747
D_9_S_NARANJA_AMARILLO_5_COMPARATIVA_S_VERDE_LIMA_5_COMPARATIVA,divergente,,9,S_NARANJA_AMARILLO_5_COMPARATIVA,S_VERDE_LIMA_5_COMPARATIVA,4,FFC976,0.867792,0.02618,0.1151
D_9_S_NARANJA_AMARILLO_5_COMPARATIVA_S_VERDE_LIMA_5_COMPARATIVA,divergente,,9,S_NARANJA_AMARILLO_5_COMPARATIVA,S_VERDE_LIMA_5_COMPARATIVA,5,E5EDA9,0.924706,-0.035418,0.081131
D_9_S_NARANJA_AMARILLO_5_COMPARATIVA_S_VERDE_LIMA_5_COMPARATIVA,divergente,,9,S_NARANJA_AMARILLO_5_COMPARATIVA,S_VERDE_LIMA_5_COMPARATIVA,6,ABF46D,0.892,-0.123843,0.134141
D_9_S_NARANJA_AMARILLO_5_COMPARATIVA_S_VERDE_LIMA_5_COMPARATIVA,divergente,,9,S_NARANJA_AMARILLO_5_COMPARATIVA,S_VERDE_LIMA_5_COMPARATIVA,7,7BC333,0.74303,-0.126292,0.136794
D_9_S_NARANJA_AMARILLO_5_COMPARATIVA_S_VERDE_LIMA_5_COMPARATIVA,divergente,,9,S_NARANJA_AMARILLO_5_COMPARATIVA,S_VERDE_LIMA_5_COMPARATIVA,8,559300,0.596609,-0.113661,0.123113
D_9_S_NARANJA_AMARILLO_5_COMPARATIVA_S_VERDE_LIMA_5_COMPARATIVA,divergente,,9,S_NARANJA_AMARILLO_5_COMPARATIVA,S_VERDE_LIMA_5_COMPARATIVA,9,396400,0.454073,-0.086506,0.0937
D_9_S_NARANJA_AMARILLO_5_COMPARATIVA_S_VERDE_BRILLANTE_5_COMPARATIVA,divergente,,9,S_NARANJA_AMARILLO_5_COMPARATIVA,S_VERDE_BRILLANTE_5_COMPARATIVA,1,785200,0.467895,0.021696,0.095386
D_9_S_NARANJA_AMARILLO_5_COMPARATIVA_S_VERDE_BRILLANTE_5_COMPARATIVA,divergente,,9,S_NARANJA_AMARILLO_5_COMPARATIVA,S_VERDE_BRILLANTE_5_COMPARATIVA,2,AC7600,0.606285,0.028113,0.123598
D_9_S_NARANJA_AMARILLO_5_COMPARATIVA_S_VERDE_BRILLANTE_5_COMPARATIVA,divergente,,9,S_NARANJA_AMARILLO_5_COMPARATIVA,S_VERDE_BRILLANTE_5_COMPARATIVA,3,E29D00,0.744366,0.034515,0.151747
D_9_S_NARANJA_AMARILLO_5_COMPARATIVA_S_VERDE_BRILLANTE_5_COMPARATIVA,divergente,,9,S_NARANJA_AMARILLO_5_COMPARATIVA,S_VERDE_BRILLANTE_5_COMPARATIVA,4,FFC976,0.867792,0.02618,0.1151
D_9_S_NARANJA_AMARILLO_5_COMPARATIVA_S_VERDE_BRILLANTE_5_COMPARATIVA,divergente,,9,S_NARANJA_AMARILLO_5_COMPARATIVA,S_VERDE_BRILLANTE_5_COMPARATIVA,5,DEF0B0,0.926487,-0.044158,0.073459
D_9_S_NARANJA_AMARILLO_5_COMPARATIVA_S_VERDE_BRILLANTE_5_COMPARATIVA,divergente,,9,S_NARANJA_AMARILLO_5_COMPARATIVA,S_VERDE_BRILLANTE_5_COMPARATIVA,6,84FE7F,0.89891,-0.160088,0.120598
D_9_S_NARANJA_AMARILLO_5_COMPARATIVA_S_VERDE_BRILLANTE_5_COMPARATIVA,divergente,,9,S_NARANJA_AMARILLO_5_COMPARATIVA,S_VERDE_BRILLANTE_5_COMPARATIVA,7,28D02D,0.747324,-0.188925,0.142321
D_9_S_NARANJA_AMARILLO_5_COMPARATIVA_S_VERDE_BRILLANTE_5_COMPARATIVA,divergente,,9,S_NARANJA_AMARILLO_5_COMPARATIVA,S_VERDE_BRILLANTE_5_COMPARATIVA,8,009B0F,0.597988,-0.1598,0.12038
D_9_S_NARANJA_AMARILLO_5_COMPARATIVA_S_VERDE_BRILLANTE_5_COMPARATIVA,divergente,,9,S_NARANJA_AMARILLO_5_COMPARATIVA,S_VERDE_BRILLANTE_5_COMPARATIVA,9,006806,0.449814,-0.120203,0.090552
D_9_S_NARANJA_5_COMPARATIVA_S_AZUL_TURQUESA_5_COMPARATIVA,divergente,,9,S_NARANJA_5_COMPARATIVA,S_AZUL_TURQUESA_5_COMPARATIVA,1,8D4600,0.474126,0.068995,0.096146
D_9_S_NARANJA_5_COMPARATIVA_S_AZUL_TURQUESA_5_COMPARATIVA,divergente,,9,S_NARANJA_5_COMPARATIVA,S_AZUL_TURQUESA_5_COMPARATIVA,2,C56400,0.607384,0.088386,0.123169
D_9_S_NARANJA_5_COMPARATIVA_S_AZUL_TURQUESA_5_COMPARATIVA,divergente,,9,S_NARANJA_5_COMPARATIVA,S_AZUL_TURQUESA_5_COMPARATIVA,3,F88C38,0.743684,0.093887,0.130835
D_9_S_NARANJA_5_COMPARATIVA_S_AZUL_TURQUESA_5_COMPARATIVA,divergente,,9,S_NARANJA_5_COMPARATIVA,S_AZUL_TURQUESA_5_COMPARATIVA,4,FFC198,0.857459,0.052167,0.072697
D_9_S_NARANJA_5_COMPARATIVA_S_AZUL_TURQUESA_5_COMPARATIVA,divergente,,9,S_NARANJA_5_COMPARATIVA,S_AZUL_TURQUESA_5_COMPARATIVA,5,DAE7DB,0.913671,-0.017745,0.011085
D_9_S_NARANJA_5_COMPARATIVA_S_AZUL_TURQUESA_5_COMPARATIVA,divergente,,9,S_NARANJA_5_COMPARATIVA,S_AZUL_TURQUESA_5_COMPARATIVA,6,82E3E5,0.856472,-0.087546,-0.026972
D_9_S_NARANJA_5_COMPARATIVA_S_AZUL_TURQUESA_5_COMPARATIVA,divergente,,9,S_NARANJA_5_COMPARATIVA,S_AZUL_TURQUESA_5_COMPARATIVA,7,55B7B9,0.722408,-0.087546,-0.026972
D_9_S_NARANJA_5_COMPARATIVA_S_AZUL_TURQUESA_5_COMPARATIVA,divergente,,9,S_NARANJA_5_COMPARATIVA,S_AZUL_TURQUESA_5_COMPARATIVA,8,228D8F,0.587666,-0.087546,-0.026972
D_9_S_NARANJA_5_COMPARATIVA_S_AZUL_TURQUESA_5_COMPARATIVA,divergente,,9,S_NARANJA_5_COMPARATIVA,S_AZUL_TURQUESA_5_COMPARATIVA,9,006466,0.455344,-0.074063,-0.022818
D_9_S_ROSA_VINO_5_COMPARATIVA_S_AMARILLO_ROJO_5_COMPARATIVA,divergente,,9,S_ROSA_VINO_5_COMPARATIVA,S_AMARILLO_ROJO_5_COMPARATIVA,1,74458E,0.478396,0.082891,-0.091248
D_9_S_ROSA_VINO_5_COMPARATIVA_S_AMARILLO_ROJO_5_COMPARATIVA,divergente,,9,S_ROSA_VINO_5_COMPARATIVA,S_AMARILLO_ROJO_5_COMPARATIVA,2,A06BB3,0.609337,0.087863,-0.082592
D_9_S_ROSA_VINO_5_COMPARATIVA_S_AMARILLO_ROJO_5_COMPARATIVA,divergente,,9,S_ROSA_VINO_5_COMPARATIVA,S_AMARILLO_ROJO_5_COMPARATIVA,3,CE92D3,0.740272,0.089739,-0.065662
D_9_S_ROSA_VINO_5_COMPARATIVA_S_AMARILLO_ROJO_5_COMPARATIVA,divergente,,9,S_ROSA_VINO_5_COMPARATIVA,S_AMARILLO_ROJO_5_COMPARATIVA,4,F9BEED,0.868792,0.081224,-0.039956
D_9_S_ROSA_VINO_5_COMPARATIVA_S_AMARILLO_ROJO_5_COMPARATIVA,divergente,,9,S_ROSA_VINO_5_COMPARATIVA,S_AMARILLO_ROJO_5_COMPARATIVA,5,FEDCBE,0.915367,0.023909,0.049692
D_9_S_ROSA_VINO_5_COMPARATIVA_S_AMARILLO_ROJO_5_COMPARATIVA,divergente,,9,S_ROSA_VINO_5_COMPARATIVA,S_AMARILLO_ROJO_5_COMPARATIVA,6,FFC166,0.849812,0.033669,0.124449
D_9_S_ROSA_VINO_5_COMPARATIVA_S_AMARILLO_ROJO_5_COMPARATIVA,divergente,,9,S_ROSA_VINO_5_COMPARATIVA,S_AMARILLO_ROJO_5_COMPARATIVA,7,FF821C,0.735911,0.111071,0.142882
D_9_S_ROSA_VINO_5_COMPARATIVA_S_AMARILLO_ROJO_5_COMPARATIVA,divergente,,9,S_ROSA_VINO_5_COMPARATIVA,S_AMARILLO_ROJO_5_COMPARATIVA,8,E83E00,0.614419,0.173058,0.123667
D_9_S_ROSA_VINO_5_COMPARATIVA_S_AMARILLO_ROJO_5_COMPARATIVA,divergente,,9,S_ROSA_VINO_5_COMPARATIVA,S_AMARILLO_ROJO_5_COMPARATIVA,9,B6001B,0.488569,0.179416,0.084008
D_9_S_AZUL_LILA_5_SENSIBLE_S_OCRE_ROSA_5_SENSIBLE,divergente,,9,S_AZUL_LILA_5_SENSIBLE,S_OCRE_ROSA_5_SENSIBLE,1,661583,0.391274,0.121741,-0.123049
D_9_S_AZUL_LILA_5_SENSIBLE_S_OCRE_ROSA_5_SENSIBLE,divergente,,9,S_AZUL_LILA_5_SENSIBLE,S_OCRE_ROSA_5_SENSIBLE,2,8E4DBB,0.547551,0.108422,-0.132939
D_9_S_AZUL_LILA_5_SENSIBLE_S_OCRE_ROSA_5_SENSIBLE,divergente,,9,S_AZUL_LILA_5_SENSIBLE,S_OCRE_ROSA_5_SENSIBLE,3,AF85F6,0.703355,0.08016,-0.144069
D_9_S_AZUL_LILA_5_SENSIBLE_S_OCRE_ROSA_5_SENSIBLE,divergente,,9,S_AZUL_LILA_5_SENSIBLE,S_OCRE_ROSA_5_SENSIBLE,4,C2C1FF,0.833489,0.022705,-0.083297
D_9_S_AZUL_LILA_5_SENSIBLE_S_OCRE_ROSA_5_SENSIBLE,divergente,,9,S_AZUL_LILA_5_SENSIBLE,S_OCRE_ROSA_5_SENSIBLE,5,EDDADD,0.904617,0.021577,0.002394
D_9_S_AZUL_LILA_5_SENSIBLE_S_OCRE_ROSA_5_SENSIBLE,divergente,,9,S_AZUL_LILA_5_SENSIBLE,S_OCRE_ROSA_5_SENSIBLE,6,FFB88A,0.839354,0.059899,0.082722
D_9_S_AZUL_LILA_5_SENSIBLE_S_OCRE_ROSA_5_SENSIBLE,divergente,,9,S_AZUL_LILA_5_SENSIBLE,S_OCRE_ROSA_5_SENSIBLE,7,E77B5D,0.697446,0.113899,0.082799
D_9_S_AZUL_LILA_5_SENSIBLE_S_OCRE_ROSA_5_SENSIBLE,divergente,,9,S_AZUL_LILA_5_SENSIBLE,S_OCRE_ROSA_5_SENSIBLE,8,B34745,0.542131,0.129675,0.057331
D_9_S_AZUL_LILA_5_SENSIBLE_S_OCRE_ROSA_5_SENSIBLE,divergente,,9,S_AZUL_LILA_5_SENSIBLE,S_OCRE_ROSA_5_SENSIBLE,9,7F1127,0.386555,0.135665,0.041972
D_9_S_VIOLETA_INTENSO_5_COMPARATIVA_S_VERDE_BRILLANTE_5_SENSIBLE,divergente,,9,S_VIOLETA_INTENSO_5_COMPARATIVA,S_VERDE_BRILLANTE_5_SENSIBLE,1,7425D7,0.494867,0.10594,-0.21731
D_9_S_VIOLETA_INTENSO_5_COMPARATIVA_S_VERDE_BRILLANTE_5_SENSIBLE,divergente,,9,S_VIOLETA_INTENSO_5_COMPARATIVA,S_VERDE_BRILLANTE_5_SENSIBLE,2,985DFF,0.626463,0.100264,-0.205669
D_9_S_VIOLETA_INTENSO_5_COMPARATIVA_S_VERDE_BRILLANTE_5_SENSIBLE,divergente,,9,S_VIOLETA_INTENSO_5_COMPARATIVA,S_VERDE_BRILLANTE_5_SENSIBLE,3,B495FF,0.739584,0.066705,-0.136829
D_9_S_VIOLETA_INTENSO_5_COMPARATIVA_S_VERDE_BRILLANTE_5_SENSIBLE,divergente,,9,S_VIOLETA_INTENSO_5_COMPARATIVA,S_VERDE_BRILLANTE_5_SENSIBLE,4,D4C5FF,0.855065,0.035364,-0.072541
D_9_S_VIOLETA_INTENSO_5_COMPARATIVA_S_VERDE_BRILLANTE_5_SENSIBLE,divergente,,9,S_VIOLETA_INTENSO_5_COMPARATIVA,S_VERDE_BRILLANTE_5_SENSIBLE,5,CCEED7,0.917532,-0.042777,0.018758
D_9_S_VIOLETA_INTENSO_5_COMPARATIVA_S_VERDE_BRILLANTE_5_SENSIBLE,divergente,,9,S_VIOLETA_INTENSO_5_COMPARATIVA,S_VERDE_BRILLANTE_5_SENSIBLE,6,78F774,0.87527,-0.16485,0.124185
D_9_S_VIOLETA_INTENSO_5_COMPARATIVA_S_VERDE_BRILLANTE_5_SENSIBLE,divergente,,9,S_VIOLETA_INTENSO_5_COMPARATIVA,S_VERDE_BRILLANTE_5_SENSIBLE,7,00BF15,0.698901,-0.186766,0.140695
D_9_S_VIOLETA_INTENSO_5_COMPARATIVA_S_VERDE_BRILLANTE_5_SENSIBLE,divergente,,9,S_VIOLETA_INTENSO_5_COMPARATIVA,S_VERDE_BRILLANTE_5_SENSIBLE,8,00830A,0.527496,-0.140962,0.10619
D_9_S_VIOLETA_INTENSO_5_COMPARATIVA_S_VERDE_BRILLANTE_5_SENSIBLE,divergente,,9,S_VIOLETA_INTENSO_5_COMPARATIVA,S_VERDE_BRILLANTE_5_SENSIBLE,9,004B03,0.357,-0.095401,0.071867
D_9_S_VIOLETA_LAVANDA_5_SENSIBLE_S_NARANJA_5_SENSIBLE,divergente,,9,S_VIOLETA_LAVANDA_5_SENSIBLE,S_NARANJA_5_SENSIBLE,1,630C93,0.394258,0.117741,-0.152123
D_9_S_VIOLETA_LAVANDA_5_SENSIBLE_S_NARANJA_5_SENSIBLE,divergente,,9,S_VIOLETA_LAVANDA_5_SENSIBLE,S_NARANJA_5_SENSIBLE,2,9149C7,0.552673,0.117508,-0.151822
D_9_S_VIOLETA_LAVANDA_5_SENSIBLE_S_NARANJA_5_SENSIBLE,divergente,,9,S_VIOLETA_LAVANDA_5_SENSIBLE,S_NARANJA_5_SENSIBLE,3,C27CFC,0.71121,0.116516,-0.150541
D_9_S_VIOLETA_LAVANDA_5_SENSIBLE_S_NARANJA_5_SENSIBLE,divergente,,9,S_VIOLETA_LAVANDA_5_SENSIBLE,S_NARANJA_5_SENSIBLE,4,DDB9FF,0.840884,0.062811,-0.081153
D_9_S_VIOLETA_LAVANDA_5_SENSIBLE_S_NARANJA_5_SENSIBLE,divergente,,9,S_VIOLETA_LAVANDA_5_SENSIBLE,S_NARANJA_5_SENSIBLE,5,F6D7DE,0.906405,0.035489,0.000782
D_9_S_VIOLETA_LAVANDA_5_SENSIBLE_S_NARANJA_5_SENSIBLE,divergente,,9,S_VIOLETA_LAVANDA_5_SENSIBLE,S_NARANJA_5_SENSIBLE,6,FFB788,0.837133,0.06063,0.08449
D_9_S_VIOLETA_LAVANDA_5_SENSIBLE_S_NARANJA_5_SENSIBLE,divergente,,9,S_VIOLETA_LAVANDA_5_SENSIBLE,S_NARANJA_5_SENSIBLE,7,E77C23,0.693748,0.093887,0.130835
D_9_S_VIOLETA_LAVANDA_5_SENSIBLE_S_NARANJA_5_SENSIBLE,divergente,,9,S_VIOLETA_LAVANDA_5_SENSIBLE,S_NARANJA_5_SENSIBLE,8,A65300,0.533965,0.077702,0.10828
D_9_S_VIOLETA_LAVANDA_5_SENSIBLE_S_NARANJA_5_SENSIBLE,divergente,,9,S_VIOLETA_LAVANDA_5_SENSIBLE,S_NARANJA_5_SENSIBLE,9,663100,0.376286,0.054757,0.076305
D_9_S_VIOLETA_MEDIO_5_SENSIBLE_S_NARANJA_5_SENSIBLE,divergente,,9,S_VIOLETA_MEDIO_5_SENSIBLE,S_NARANJA_5_SENSIBLE,1,5E227E,0.387545,0.099964,-0.113417
D_9_S_VIOLETA_MEDIO_5_SENSIBLE_S_NARANJA_5_SENSIBLE,divergente,,9,S_VIOLETA_MEDIO_5_SENSIBLE,S_NARANJA_5_SENSIBLE,2,8C51AF,0.54381,0.099964,-0.113417
D_9_S_VIOLETA_MEDIO_5_SENSIBLE_S_NARANJA_5_SENSIBLE,divergente,,9,S_VIOLETA_MEDIO_5_SENSIBLE,S_NARANJA_5_SENSIBLE,3,BE81E3,0.701975,0.099964,-0.113417
D_9_S_VIOLETA_MEDIO_5_SENSIBLE_S_NARANJA_5_SENSIBLE,divergente,,9,S_VIOLETA_MEDIO_5_SENSIBLE,S_NARANJA_5_SENSIBLE,4,E3B8FF,0.844547,0.070109,-0.079544
D_9_S_VIOLETA_MEDIO_5_SENSIBLE_S_NARANJA_5_SENSIBLE,divergente,,9,S_VIOLETA_MEDIO_5_SENSIBLE,S_NARANJA_5_SENSIBLE,5,F7D7DE,0.907362,0.037643,0.001191
D_9_S_VIOLETA_MEDIO_5_SENSIBLE_S_NARANJA_5_SENSIBLE,divergente,,9,S_VIOLETA_MEDIO_5_SENSIBLE,S_NARANJA_5_SENSIBLE,6,FFB788,0.837133,0.06063,0.08449
D_9_S_VIOLETA_MEDIO_5_SENSIBLE_S_NARANJA_5_SENSIBLE,divergente,,9,S_VIOLETA_MEDIO_5_SENSIBLE,S_NARANJA_5_SENSIBLE,7,E77C23,0.693748,0.093887,0.130835
D_9_S_VIOLETA_MEDIO_5_SENSIBLE_S_NARANJA_5_SENSIBLE,divergente,,9,S_VIOLETA_MEDIO_5_SENSIBLE,S_NARANJA_5_SENSIBLE,8,A65300,0.533965,0.077702,0.10828
D_9_S_VIOLETA_MEDIO_5_SENSIBLE_S_NARANJA_5_SENSIBLE,divergente,,9,S_VIOLETA_MEDIO_5_SENSIBLE,S_NARANJA_5_SENSIBLE,9,663100,0.376286,0.054757,0.076305
D_9_S_MORADO_NEON_5_COMPARATIVA_S_NARANJA_5_COMPARATIVA,divergente,,9,S_MORADO_NEON_5_COMPARATIVA,S_NARANJA_5_COMPARATIVA,1,9700B8,0.49711,0.179117,-0.161347
D_9_S_MORADO_NEON_5_COMPARATIVA_S_NARANJA_5_COMPARATIVA,divergente,,9,S_MORADO_NEON_5_COMPARATIVA,S_NARANJA_5_COMPARATIVA,2,C936F0,0.633592,0.199943,-0.180106
D_9_S_MORADO_NEON_5_COMPARATIVA_S_NARANJA_5_COMPARATIVA,divergente,,9,S_MORADO_NEON_5_COMPARATIVA,S_NARANJA_5_COMPARATIVA,3,E17FFF,0.751223,0.148942,-0.134166
D_9_S_MORADO_NEON_5_COMPARATIVA_S_NARANJA_5_COMPARATIVA,divergente,,9,S_MORADO_NEON_5_COMPARATIVA,S_NARANJA_5_COMPARATIVA,4,EFBBFF,0.860702,0.07938,-0.071504
D_9_S_MORADO_NEON_5_COMPARATIVA_S_NARANJA_5_COMPARATIVA,divergente,,9,S_MORADO_NEON_5_COMPARATIVA,S_NARANJA_5_COMPARATIVA,5,FBD9E2,0.916571,0.038542,0.000268
D_9_S_MORADO_NEON_5_COMPARATIVA_S_NARANJA_5_COMPARATIVA,divergente,,9,S_MORADO_NEON_5_COMPARATIVA,S_NARANJA_5_COMPARATIVA,6,FFC198,0.857459,0.052167,0.072697
D_9_S_MORADO_NEON_5_COMPARATIVA_S_NARANJA_5_COMPARATIVA,divergente,,9,S_MORADO_NEON_5_COMPARATIVA,S_NARANJA_5_COMPARATIVA,7,F88C38,0.743684,0.093887,0.130835
D_9_S_MORADO_NEON_5_COMPARATIVA_S_NARANJA_5_COMPARATIVA,divergente,,9,S_MORADO_NEON_5_COMPARATIVA,S_NARANJA_5_COMPARATIVA,8,C56400,0.607384,0.088386,0.123169
D_9_S_MORADO_NEON_5_COMPARATIVA_S_NARANJA_5_COMPARATIVA,divergente,,9,S_MORADO_NEON_5_COMPARATIVA,S_NARANJA_5_COMPARATIVA,9,8D4600,0.474126,0.068995,0.096146
D_9_S_AQUA_OCRE_5_COMPARATIVA_S_CELESTE_INDIGO_5_SENSIBLE,divergente,,9,S_AQUA_OCRE_5_COMPARATIVA,S_CELESTE_INDIGO_5_SENSIBLE,1,7C5000,0.469014,0.03026,0.095522
D_9_S_AQUA_OCRE_5_COMPARATIVA_S_CELESTE_INDIGO_5_SENSIBLE,divergente,,9,S_AQUA_OCRE_5_COMPARATIVA,S_CELESTE_INDIGO_5_SENSIBLE,2,9E7E0D,0.605897,-3.5e-05,0.12057
D_9_S_AQUA_OCRE_5_COMPARATIVA_S_CELESTE_INDIGO_5_SENSIBLE,divergente,,9,S_AQUA_OCRE_5_COMPARATIVA,S_CELESTE_INDIGO_5_SENSIBLE,3,A4B45C,0.738047,-0.053723,0.101907
D_9_S_AQUA_OCRE_5_COMPARATIVA_S_CELESTE_INDIGO_5_SENSIBLE,divergente,,9,S_AQUA_OCRE_5_COMPARATIVA,S_CELESTE_INDIGO_5_SENSIBLE,4,99E6B4,0.862442,-0.094374,0.044068
D_9_S_AQUA_OCRE_5_COMPARATIVA_S_CELESTE_INDIGO_5_SENSIBLE,divergente,,9,S_AQUA_OCRE_5_COMPARATIVA,S_CELESTE_INDIGO_5_SENSIBLE,5,C7E8EC,0.908914,-0.032064,-0.015206
D_9_S_AQUA_OCRE_5_COMPARATIVA_S_CELESTE_INDIGO_5_SENSIBLE,divergente,,9,S_AQUA_OCRE_5_COMPARATIVA,S_CELESTE_INDIGO_5_SENSIBLE,6,BCC4FF,0.833573,0.01247,-0.082804
D_9_S_AQUA_OCRE_5_COMPARATIVA_S_CELESTE_INDIGO_5_SENSIBLE,divergente,,9,S_AQUA_OCRE_5_COMPARATIVA,S_CELESTE_INDIGO_5_SENSIBLE,7,938DFF,0.699745,0.038235,-0.158419
D_9_S_AQUA_OCRE_5_COMPARATIVA_S_CELESTE_INDIGO_5_SENSIBLE,divergente,,9,S_AQUA_OCRE_5_COMPARATIVA,S_CELESTE_INDIGO_5_SENSIBLE,8,6E57D2,0.545348,0.053592,-0.173189
D_9_S_AQUA_OCRE_5_COMPARATIVA_S_CELESTE_INDIGO_5_SENSIBLE,divergente,,9,S_AQUA_OCRE_5_COMPARATIVA,S_CELESTE_INDIGO_5_SENSIBLE,9,49219F,0.390281,0.060773,-0.174668
D_9_S_AQUA_OLIVA_5_COMPARATIVA_S_CIAN_VIOLETA_5_SENSIBLE,divergente,,9,S_AQUA_OLIVA_5_COMPARATIVA,S_CIAN_VIOLETA_5_SENSIBLE,1,4A6100,0.456845,-0.064398,0.094037
D_9_S_AQUA_OLIVA_5_COMPARATIVA_S_CIAN_VIOLETA_5_SENSIBLE,divergente,,9,S_AQUA_OLIVA_5_COMPARATIVA,S_CIAN_VIOLETA_5_SENSIBLE,2,618C44,0.592593,-0.078592,0.081145
D_9_S_AQUA_OLIVA_5_COMPARATIVA_S_CIAN_VIOLETA_5_SENSIBLE,divergente,,9,S_AQUA_OLIVA_5_COMPARATIVA,S_CIAN_VIOLETA_5_SENSIBLE,3,73BA81,0.72705,-0.093743,0.05588
D_9_S_AQUA_OLIVA_5_COMPARATIVA_S_CIAN_VIOLETA_5_SENSIBLE,divergente,,9,S_AQUA_OLIVA_5_COMPARATIVA,S_CIAN_VIOLETA_5_SENSIBLE,4,88E6C7,0.858765,-0.099432,0.017041
D_9_S_AQUA_OLIVA_5_COMPARATIVA_S_CIAN_VIOLETA_5_SENSIBLE,divergente,,9,S_AQUA_OLIVA_5_COMPARATIVA,S_CIAN_VIOLETA_5_SENSIBLE,5,B6EBF1,0.905753,-0.04931,-0.022442
D_9_S_AQUA_OLIVA_5_COMPARATIVA_S_CIAN_VIOLETA_5_SENSIBLE,divergente,,9,S_AQUA_OLIVA_5_COMPARATIVA,S_CIAN_VIOLETA_5_SENSIBLE,6,94CCFF,0.826458,-0.036864,-0.0844
D_9_S_AQUA_OLIVA_5_COMPARATIVA_S_CIAN_VIOLETA_5_SENSIBLE,divergente,,9,S_AQUA_OLIVA_5_COMPARATIVA,S_CIAN_VIOLETA_5_SENSIBLE,7,6495FF,0.684941,-0.017579,-0.16432
D_9_S_AQUA_OLIVA_5_COMPARATIVA_S_CIAN_VIOLETA_5_SENSIBLE,divergente,,9,S_AQUA_OLIVA_5_COMPARATIVA,S_CIAN_VIOLETA_5_SENSIBLE,8,5350FF,0.551292,0.023039,-0.248928
D_9_S_AQUA_OLIVA_5_COMPARATIVA_S_CIAN_VIOLETA_5_SENSIBLE,divergente,,9,S_AQUA_OLIVA_5_COMPARATIVA,S_CIAN_VIOLETA_5_SENSIBLE,9,4300C0,0.399589,0.049469,-0.233165
D_9_S_MOSTAZA_VERDE_5_COMPARATIVA_S_CIAN_VIOLETA_5_SENSIBLE,divergente,,9,S_MOSTAZA_VERDE_5_COMPARATIVA,S_CIAN_VIOLETA_5_SENSIBLE,1,1A6700,0.450869,-0.112236,0.093309
D_9_S_MOSTAZA_VERDE_5_COMPARATIVA_S_CIAN_VIOLETA_5_SENSIBLE,divergente,,9,S_MOSTAZA_VERDE_5_COMPARATIVA,S_CIAN_VIOLETA_5_SENSIBLE,2,5C9600,0.608069,-0.111356,0.125431
D_9_S_MOSTAZA_VERDE_5_COMPARATIVA_S_CIAN_VIOLETA_5_SENSIBLE,divergente,,9,S_MOSTAZA_VERDE_5_COMPARATIVA,S_CIAN_VIOLETA_5_SENSIBLE,3,A9C000,0.763472,-0.082861,0.156896
D_9_S_MOSTAZA_VERDE_5_COMPARATIVA_S_CIAN_VIOLETA_5_SENSIBLE,divergente,,9,S_MOSTAZA_VERDE_5_COMPARATIVA,S_CIAN_VIOLETA_5_SENSIBLE,4,FFE228,0.909679,-0.02958,0.17903
D_9_S_MOSTAZA_VERDE_5_COMPARATIVA_S_CIAN_VIOLETA_5_SENSIBLE,divergente,,9,S_MOSTAZA_VERDE_5_COMPARATIVA,S_CIAN_VIOLETA_5_SENSIBLE,5,DFE9D0,0.919864,-0.020082,0.028923
D_9_S_MOSTAZA_VERDE_5_COMPARATIVA_S_CIAN_VIOLETA_5_SENSIBLE,divergente,,9,S_MOSTAZA_VERDE_5_COMPARATIVA,S_CIAN_VIOLETA_5_SENSIBLE,6,94CCFF,0.826458,-0.036864,-0.0844
D_9_S_MOSTAZA_VERDE_5_COMPARATIVA_S_CIAN_VIOLETA_5_SENSIBLE,divergente,,9,S_MOSTAZA_VERDE_5_COMPARATIVA,S_CIAN_VIOLETA_5_SENSIBLE,7,6495FF,0.684941,-0.017579,-0.16432
D_9_S_MOSTAZA_VERDE_5_COMPARATIVA_S_CIAN_VIOLETA_5_SENSIBLE,divergente,,9,S_MOSTAZA_VERDE_5_COMPARATIVA,S_CIAN_VIOLETA_5_SENSIBLE,8,5350FF,0.551292,0.023039,-0.248928
D_9_S_MOSTAZA_VERDE_5_COMPARATIVA_S_CIAN_VIOLETA_5_SENSIBLE,divergente,,9,S_MOSTAZA_VERDE_5_COMPARATIVA,S_CIAN_VIOLETA_5_SENSIBLE,9,4300C0,0.399589,0.049469,-0.233165
S_AMARILLO_ROJO_7_COMPARATIVA,secuencial,comparativa,7,EDE32B,ED2B35,1,FFFA95,0.968304,-0.034204,0.118128
S_AMARILLO_ROJO_7_COMPARATIVA,secuencial,comparativa,7,EDE32B,ED2B35,2,FFD57C,0.89001,0.011253,0.11705
S_AMARILLO_ROJO_7_COMPARATIVA,secuencial,comparativa,7,EDE32B,ED2B35,3,FFAD50,0.810632,0.057695,0.131406
S_AMARILLO_ROJO_7_COMPARATIVA,secuencial,comparativa,7,EDE32B,ED2B35,4,FF821C,0.735911,0.111071,0.142882
S_AMARILLO_ROJO_7_COMPARATIVA,secuencial,comparativa,7,EDE32B,ED2B35,5,F25700,0.656552,0.155069,0.132482
S_AMARILLO_ROJO_7_COMPARATIVA,secuencial,comparativa,7,EDE32B,ED2B35,6,DC1F00,0.571362,0.189199,0.11468
S_AMARILLO_ROJO_7_COMPARATIVA,secuencial,comparativa,7,EDE32B,ED2B35,7,B6001B,0.488569,0.179416,0.084008
S_AMARILLO_ROJO_7_SENSIBLE,secuencial,sensible,7,EDE32B,ED2B35,1,FFFA95,0.968304,-0.034204,0.118128
S_AMARILLO_ROJO_7_SENSIBLE,secuencial,sensible,7,EDE32B,ED2B35,2,FFCE6E,0.875166,0.016821,0.125149
S_AMARILLO_ROJO_7_SENSIBLE,secuencial,sensible,7,EDE32B,ED2B35,3,FF9F33,0.784053,0.071521,0.14402
S_AMARILLO_ROJO_7_SENSIBLE,secuencial,sensible,7,EDE32B,ED2B35,4,F37000,0.691395,0.121745,0.139973
S_AMARILLO_ROJO_7_SENSIBLE,secuencial,sensible,7,EDE32B,ED2B35,5,D84200,0.590854,0.15447,0.119058
S_AMARILLO_ROJO_7_SENSIBLE,secuencial,sensible,7,EDE32B,ED2B35,6,B40500,0.485375,0.17129,0.097301
S_AMARILLO_ROJO_7_SENSIBLE,secuencial,sensible,7,EDE32B,ED2B35,7,850011,0.387912,0.142452,0.0667
S_AMARILLO_ROJO_7_CRITICA,secuencial,critica,7,EDE32B,ED2B35,1,FFFA95,0.968304,-0.034204,0.118128
S_AMARILLO_ROJO_7_CRITICA,secuencial,critica,7,EDE32B,ED2B35,2,FFC762,0.859774,0.023664,0.131783
S_AMARILLO_ROJO_7_CRITICA,secuencial,critica,7,EDE32B,ED2B35,3,FE9000,0.755388,0.087992,0.153421
S_AMARILLO_ROJO_7_CRITICA,secuencial,critica,7,EDE32B,ED2B35,4,E25E00,0.640714,0.129453,0.129529
S_AMARILLO_ROJO_7_CRITICA,secuencial,critica,7,EDE32B,ED2B35,5,BB2C00,0.519951,0.152359,0.104586
S_AMARILLO_ROJO_7_CRITICA,secuencial,critica,7,EDE32B,ED2B35,6,8B0005,0.400305,0.144246,0.077494
S_AMARILLO_ROJO_7_CRITICA,secuencial,critica,7,EDE32B,ED2B35,7,560007,0.285978,0.105019,0.049173
S_FUCSIA_ROJO_7_COMPARATIVA,secuencial,comparativa,7,DB35C5,DB4B35,1,FFF2FC,0.974812,0.016479,-0.007955
S_FUCSIA_ROJO_7_COMPARATIVA,secuencial,comparativa,7,DB35C5,DB4B35,2,FFCCE3,0.896255,0.063387,-0.011682
S_FUCSIA_ROJO_7_COMPARATIVA,secuencial,comparativa,7,DB35C5,DB4B35,3,FFA5BE,0.818404,0.109209,0.00398
S_FUCSIA_ROJO_7_COMPARATIVA,secuencial,comparativa,7,DB35C5,DB4B35,4,FF7D92,0.744772,0.154899,0.03241
S_FUCSIA_ROJO_7_COMPARATIVA,secuencial,comparativa,7,DB35C5,DB4B35,5,EF5A63,0.664861,0.172623,0.06247
S_FUCSIA_ROJO_7_COMPARATIVA,secuencial,comparativa,7,DB35C5,DB4B35,6,CF3D38,0.57514,0.164388,0.08222
S_FUCSIA_ROJO_7_COMPARATIVA,secuencial,comparativa,7,DB35C5,DB4B35,7,AF1C04,0.485833,0.156939,0.095817
S_FUCSIA_ROJO_7_SENSIBLE,secuencial,sensible,7,DB35C5,DB4B35,1,FFF2FC,0.974812,0.016479,-0.007955
S_FUCSIA_ROJO_7_SENSIBLE,secuencial,sensible,7,DB35C5,DB4B35,2,FFC4DE,0.880867,0.072932,-0.011275
S_FUCSIA_ROJO_7_SENSIBLE,secuencial,sensible,7,DB35C5,DB4B35,3,FF96B0,0.78921,0.128623,0.009844
S_FUCSIA_ROJO_7_SENSIBLE,secuencial,sensible,7,DB35C5,DB4B35,4,FB657B,0.700688,0.177683,0.045074
S_FUCSIA_ROJO_7_SENSIBLE,secuencial,sensible,7,DB35C5,DB4B35,5,D64249,0.593645,0.169771,0.070108
S_FUCSIA_ROJO_7_SENSIBLE,secuencial,sensible,7,DB35C5,DB4B35,6,AF1917,0.485298,0.162074,0.086766
S_FUCSIA_ROJO_7_SENSIBLE,secuencial,sensible,7,DB35C5,DB4B35,7,810F00,0.38609,0.126943,0.077504
S_FUCSIA_ROJO_7_CRITICA,secuencial,critica,7,DB35C5,DB4B35,1,FFF2FC,0.974812,0.016479,-0.007955
S_FUCSIA_ROJO_7_CRITICA,secuencial,critica,7,DB35C5,DB4B35,2,FFBDD8,0.865981,0.082167,-0.010192
S_FUCSIA_ROJO_7_CRITICA,secuencial,critica,7,DB35C5,DB4B35,3,FF85A1,0.760415,0.148261,0.017661
S_FUCSIA_ROJO_7_CRITICA,secuencial,critica,7,DB35C5,DB4B35,4,E85465,0.647874,0.175291,0.054127
S_FUCSIA_ROJO_7_CRITICA,secuencial,critica,7,DB35C5,DB4B35,5,BD292E,0.522525,0.166903,0.076865
S_FUCSIA_ROJO_7_CRITICA,secuencial,critica,7,DB35C5,DB4B35,6,8A0000,0.39781,0.142396,0.079724
S_FUCSIA_ROJO_7_CRITICA,secuencial,critica,7,DB35C5,DB4B35,7,540600,0.284673,0.093598,0.057146
S_OCRE_ROSA_7_COMPARATIVA,secuencial,comparativa,7,D1982E,CF5F68,1,FFF5E5,0.972974,0.00475,0.022904
S_OCRE_ROSA_7_COMPARATIVA,secuencial,comparativa,7,D1982E,CF5F68,2,FFD4AE,0.897455,0.031517,0.061659
S_OCRE_ROSA_7_COMPARATIVA,secuencial,comparativa,7,D1982E,CF5F68,3,FFAF83,0.82103,0.071926,0.084532
S_OCRE_ROSA_7_COMPARATIVA,secuencial,comparativa,7,D1982E,CF5F68,4,F68A67,0.743777,0.10973,0.087802
S_OCRE_ROSA_7_COMPARATIVA,secuencial,comparativa,7,D1982E,CF5F68,5,DA6C5D,0.657618,0.12317,0.069469
S_OCRE_ROSA_7_COMPARATIVA,secuencial,comparativa,7,D1982E,CF5F68,6,BC4F4F,0.569258,0.131263,0.053803
S_OCRE_ROSA_7_COMPARATIVA,secuencial,comparativa,7,D1982E,CF5F68,7,9E3340,0.481831,0.135665,0.041972
S_OCRE_ROSA_7_SENSIBLE,secuencial,sensible,7,D1982E,CF5F68,1,FFF5E5,0.972974,0.00475,0.022904
S_OCRE_ROSA_7_SENSIBLE,secuencial,sensible,7,D1982E,CF5F68,2,FFCEA5,0.88424,0.036933,0.06802
S_OCRE_ROSA_7_SENSIBLE,secuencial,sensible,7,D1982E,CF5F68,3,FFA272,0.795085,0.086476,0.094372
S_OCRE_ROSA_7_SENSIBLE,secuencial,sensible,7,D1982E,CF5F68,4,E77B5D,0.697446,0.113899,0.082799
S_OCRE_ROSA_7_SENSIBLE,secuencial,sensible,7,D1982E,CF5F68,5,C5584E,0.5946,0.125861,0.064819
S_OCRE_ROSA_7_SENSIBLE,secuencial,sensible,7,D1982E,CF5F68,6,A2363C,0.490786,0.132368,0.051163
S_OCRE_ROSA_7_SENSIBLE,secuencial,sensible,7,D1982E,CF5F68,7,7F1127,0.386555,0.135665,0.041972
S_OCRE_ROSA_7_CRITICA,secuencial,critica,7,D1982E,CF5F68,1,FFF5E5,0.972974,0.00475,0.022904
S_OCRE_ROSA_7_CRITICA,secuencial,critica,7,D1982E,CF5F68,2,FFC79B,0.869248,0.043668,0.074419
S_OCRE_ROSA_7_CRITICA,secuencial,critica,7,D1982E,CF5F68,3,FB9364,0.764585,0.09948,0.098257
S_OCRE_ROSA_7_CRITICA,secuencial,critica,7,D1982E,CF5F68,4,D66953,0.645691,0.118594,0.076491
S_OCRE_ROSA_7_CRITICA,secuencial,critica,7,D1982E,CF5F68,5,AD423F,0.524896,0.12873,0.059303
S_OCRE_ROSA_7_CRITICA,secuencial,critica,7,D1982E,CF5F68,6,841827,0.402688,0.133648,0.047868
S_OCRE_ROSA_7_CRITICA,secuencial,critica,7,D1982E,CF5F68,7,550014,0.286245,0.109474,0.033869
S_ROJO_AMARILLO_7_COMPARATIVA,secuencial,comparativa,7,ED2B35,EDE32B,1,FFF3F2,0.973999,0.01147,0.005371
S_ROJO_AMARILLO_7_COMPARATIVA,secuencial,comparativa,7,ED2B35,EDE32B,2,FFCEB6,0.888909,0.043011,0.047454
S_ROJO_AMARILLO_7_COMPARATIVA,secuencial,comparativa,7,ED2B35,EDE32B,3,FFB064,0.81885,0.05866,0.116735
S_ROJO_AMARILLO_7_COMPARATIVA,secuencial,comparativa,7,ED2B35,EDE32B,4,E59D00,0.747096,0.038379,0.152264
S_ROJO_AMARILLO_7_COMPARATIVA,secuencial,comparativa,7,ED2B35,EDE32B,5,B28B00,0.654922,0.00356,0.1338
S_ROJO_AMARILLO_7_COMPARATIVA,secuencial,comparativa,7,ED2B35,EDE32B,6,867400,0.558886,-0.017433,0.114398
S_ROJO_AMARILLO_7_COMPARATIVA,secuencial,comparativa,7,ED2B35,EDE32B,7,605B00,0.461553,-0.027395,0.094612
S_ROJO_AMARILLO_7_SENSIBLE,secuencial,sensible,7,ED2B35,EDE32B,1,FFF3F2,0.973999,0.01147,0.005371
S_ROJO_AMARILLO_7_SENSIBLE,secuencial,sensible,7,ED2B35,EDE32B,2,FFC9AC,0.876303,0.047544,0.055362
S_ROJO_AMARILLO_7_SENSIBLE,secuencial,sensible,7,ED2B35,EDE32B,3,FFA641,0.797183,0.064089,0.138788
S_ROJO_AMARILLO_7_SENSIBLE,secuencial,sensible,7,ED2B35,EDE32B,4,CF9200,0.702371,0.027353,0.143242
S_ROJO_AMARILLO_7_SENSIBLE,secuencial,sensible,7,ED2B35,EDE32B,5,987A00,0.592043,-0.003257,0.121023
S_ROJO_AMARILLO_7_SENSIBLE,secuencial,sensible,7,ED2B35,EDE32B,6,6A5E00,0.479107,-0.018125,0.098101
S_ROJO_AMARILLO_7_SENSIBLE,secuencial,sensible,7,ED2B35,EDE32B,7,444100,0.366309,-0.021742,0.075088
S_ROJO_AMARILLO_7_CRITICA,secuencial,critica,7,ED2B35,EDE32B,1,FFF3F2,0.973999,0.01147,0.005371
S_ROJO_AMARILLO_7_CRITICA,secuencial,critica,7,ED2B35,EDE32B,2,FFC3A1,0.863492,0.051814,0.064532
S_ROJO_AMARILLO_7_CRITICA,secuencial,critica,7,ED2B35,EDE32B,3,FC9D00,0.775946,0.065495,0.157867
S_ROJO_AMARILLO_7_CRITICA,secuencial,critica,7,ED2B35,EDE32B,4,B88800,0.655445,0.016482,0.133769
S_ROJO_AMARILLO_7_CRITICA,secuencial,critica,7,ED2B35,EDE32B,5,7F6900,0.52777,-0.00887,0.107948
S_ROJO_AMARILLO_7_CRITICA,secuencial,critica,7,ED2B35,EDE32B,6,504800,0.398596,-0.017624,0.081643
S_ROJO_AMARILLO_7_CRITICA,secuencial,critica,7,ED2B35,EDE32B,7,2A2800,0.269891,-0.016019,0.055324
S_BEIGE_CAFE_7_COMPARATIVA,secuencial,comparativa,7,FFE6B8,6C3609,1,FFF5E2,0.972783,0.003397,0.026378
S_BEIGE_CAFE_7_COMPARATIVA,secuencial,comparativa,7,FFE6B8,6C3609,2,FCD9A7,0.902953,0.018132,0.072739
S_BEIGE_CAFE_7_COMPARATIVA,secuencial,comparativa,7,FFE6B8,6C3609,3,E7BA88,0.817313,0.029472,0.077651
S_BEIGE_CAFE_7_COMPARATIVA,secuencial,comparativa,7,FFE6B8,6C3609,4,D09C6C,0.73103,0.039071,0.079106
S_BEIGE_CAFE_7_COMPARATIVA,secuencial,comparativa,7,FFE6B8,6C3609,5,B78053,0.644731,0.046444,0.078548
S_BEIGE_CAFE_7_COMPARATIVA,secuencial,comparativa,7,FFE6B8,6C3609,6,9D653B,0.558108,0.051721,0.077039
S_BEIGE_CAFE_7_COMPARATIVA,secuencial,comparativa,7,FFE6B8,6C3609,7,834B23,0.471791,0.055179,0.075238
S_BEIGE_CAFE_7_SENSIBLE,secuencial,sensible,7,FFE6B8,6C3609,1,FFF5E2,0.972783,0.003397,0.026378
S_BEIGE_CAFE_7_SENSIBLE,secuencial,sensible,7,FFE6B8,6C3609,2,F8D3A2,0.887009,0.019575,0.073578
S_BEIGE_CAFE_7_SENSIBLE,secuencial,sensible,7,FFE6B8,6C3609,3,DDAF7E,0.785168,0.031708,0.078201
S_BEIGE_CAFE_7_SENSIBLE,secuencial,sensible,7,FFE6B8,6C3609,4,C18D5E,0.683096,0.041303,0.079101
S_BEIGE_CAFE_7_SENSIBLE,secuencial,sensible,7,FFE6B8,6C3609,5,A36C40,0.580669,0.048143,0.078181
S_BEIGE_CAFE_7_SENSIBLE,secuencial,sensible,7,FFE6B8,6C3609,6,844D23,0.477759,0.052601,0.076664
S_BEIGE_CAFE_7_SENSIBLE,secuencial,sensible,7,FFE6B8,6C3609,7,663102,0.376316,0.055179,0.075238
S_BEIGE_CAFE_7_CRITICA,secuencial,critica,7,FFE6B8,6C3609,1,FFF5E2,0.972783,0.003397,0.026378
S_BEIGE_CAFE_7_CRITICA,secuencial,critica,7,FFE6B8,6C3609,2,F3CD9C,0.870362,0.021199,0.074442
S_BEIGE_CAFE_7_CRITICA,secuencial,critica,7,FFE6B8,6C3609,3,D4A473,0.751679,0.03418,0.07866
S_BEIGE_CAFE_7_CRITICA,secuencial,critica,7,FFE6B8,6C3609,4,B27D4F,0.63254,0.043732,0.078938
S_BEIGE_CAFE_7_CRITICA,secuencial,critica,7,FFE6B8,6C3609,5,8E582D,0.513501,0.049908,0.077686
S_BEIGE_CAFE_7_CRITICA,secuencial,critica,7,FFE6B8,6C3609,6,6B3606,0.392563,0.053508,0.076229
S_BEIGE_CAFE_7_CRITICA,secuencial,critica,7,FFE6B8,6C3609,7,421D00,0.277783,0.041306,0.056321
S_ROSA_OCRE_7_COMPARATIVA,secuencial,comparativa,7,CF5F68,D1982E,1,FFF3F3,0.974097,0.012088,0.00374
S_ROSA_OCRE_7_COMPARATIVA,secuencial,comparativa,7,CF5F68,D1982E,2,FFCFC3,0.892623,0.047461,0.03174
S_ROSA_OCRE_7_COMPARATIVA,secuencial,comparativa,7,CF5F68,D1982E,3,FFAD86,0.818285,0.076073,0.079731
S_ROSA_OCRE_7_COMPARATIVA,secuencial,comparativa,7,CF5F68,D1982E,4,EA924C,0.737817,0.073827,0.113744
S_ROSA_OCRE_7_COMPARATIVA,secuencial,comparativa,7,CF5F68,D1982E,5,C57B1D,0.647418,0.05425,0.123329
S_ROSA_OCRE_7_COMPARATIVA,secuencial,comparativa,7,CF5F68,D1982E,6,9D6700,0.557701,0.034325,0.113602
S_ROSA_OCRE_7_COMPARATIVA,secuencial,comparativa,7,CF5F68,D1982E,7,775200,0.467644,0.019774,0.095355
S_ROSA_OCRE_7_SENSIBLE,secuencial,sensible,7,CF5F68,D1982E,1,FFF3F3,0.974097,0.012088,0.00374
S_ROSA_OCRE_7_SENSIBLE,secuencial,sensible,7,CF5F68,D1982E,2,FFC9BA,0.878789,0.053586,0.0378
S_ROSA_OCRE_7_SENSIBLE,secuencial,sensible,7,CF5F68,D1982E,3,FFA16E,0.793055,0.086724,0.097158
S_ROSA_OCRE_7_SENSIBLE,secuencial,sensible,7,CF5F68,D1982E,4,D78538,0.689395,0.068206,0.11687
S_ROSA_OCRE_7_SENSIBLE,secuencial,sensible,7,CF5F68,D1982E,5,AB6A00,0.582418,0.046851,0.118518
S_ROSA_OCRE_7_SENSIBLE,secuencial,sensible,7,CF5F68,D1982E,6,7E5300,0.476399,0.027081,0.097065
S_ROSA_OCRE_7_SENSIBLE,secuencial,sensible,7,CF5F68,D1982E,7,563A00,0.371142,0.015694,0.075678
S_ROSA_OCRE_7_CRITICA,secuencial,critica,7,CF5F68,D1982E,1,FFF3F3,0.974097,0.012088,0.00374
S_ROSA_OCRE_7_CRITICA,secuencial,critica,7,CF5F68,D1982E,2,FFC2B0,0.864913,0.059611,0.044644
S_ROSA_OCRE_7_CRITICA,secuencial,critica,7,CF5F68,D1982E,3,F6975D,0.762971,0.086113,0.105697
S_ROSA_OCRE_7_CRITICA,secuencial,critica,7,CF5F68,D1982E,4,C57720,0.640006,0.062175,0.119879
S_ROSA_OCRE_7_CRITICA,secuencial,critica,7,CF5F68,D1982E,5,905B00,0.517667,0.037243,0.10539
S_ROSA_OCRE_7_CRITICA,secuencial,critica,7,CF5F68,D1982E,6,603F00,0.395008,0.02072,0.080501
S_ROSA_OCRE_7_CRITICA,secuencial,critica,7,CF5F68,D1982E,7,362300,0.273441,0.011562,0.055756
S_AQUA_OCRE_7_COMPARATIVA,secuencial,comparativa,7,97F5F0,A36A00,1,D0FFFC,0.966816,-0.046679,-0.009369
S_AQUA_OCRE_7_COMPARATIVA,secuencial,comparativa,7,97F5F0,A36A00,2,9AF5D4,0.903186,-0.097206,0.018443
S_AQUA_OCRE_7_COMPARATIVA,secuencial,comparativa,7,97F5F0,A36A00,3,9CD795,0.821945,-0.085217,0.067201
S_AQUA_OCRE_7_COMPARATIVA,secuencial,comparativa,7,97F5F0,A36A00,4,A4B45C,0.738047,-0.053723,0.101907
S_AQUA_OCRE_7_COMPARATIVA,secuencial,comparativa,7,97F5F0,A36A00,5,A3902A,0.651153,-0.017053,0.118068
S_AQUA_OCRE_7_COMPARATIVA,secuencial,comparativa,7,97F5F0,A36A00,6,956D00,0.56096,0.013778,0.114489
S_AQUA_OCRE_7_COMPARATIVA,secuencial,comparativa,7,97F5F0,A36A00,7,7C5000,0.469014,0.03026,0.095522
S_AQUA_OCRE_7_SENSIBLE,secuencial,sensible,7,97F5F0,A36A00,1,D0FFFC,0.966816,-0.046679,-0.009369
S_AQUA_OCRE_7_SENSIBLE,secuencial,sensible,7,97F5F0,A36A00,2,98F0CB,0.888839,-0.097177,0.024797
S_AQUA_OCRE_7_SENSIBLE,secuencial,sensible,7,97F5F0,A36A00,3,9BCC84,0.792079,-0.079534,0.07631
S_AQUA_OCRE_7_SENSIBLE,secuencial,sensible,7,97F5F0,A36A00,4,9EA346,0.69179,-0.04338,0.108216
S_AQUA_OCRE_7_SENSIBLE,secuencial,sensible,7,97F5F0,A36A00,5,957A00,0.58694,-0.006687,0.119924
S_AQUA_OCRE_7_SENSIBLE,secuencial,sensible,7,97F5F0,A36A00,6,7B5600,0.480746,0.016425,0.098068
S_AQUA_OCRE_7_SENSIBLE,secuencial,sensible,7,97F5F0,A36A00,7,5A3800,0.372229,0.024016,0.07581
S_AQUA_OCRE_7_CRITICA,secuencial,critica,7,97F5F0,A36A00,1,D0FFFC,0.966816,-0.046679,-0.009369
S_AQUA_OCRE_7_CRITICA,secuencial,critica,7,97F5F0,A36A00,2,96EBC1,0.874478,-0.096673,0.031446
S_AQUA_OCRE_7_CRITICA,secuencial,critica,7,97F5F0,A36A00,3,9AC073,0.76187,-0.072476,0.085266
S_AQUA_OCRE_7_CRITICA,secuencial,critica,7,97F5F0,A36A00,4,98912F,0.644006,-0.03176,0.113548
S_AQUA_OCRE_7_CRITICA,secuencial,critica,7,97F5F0,A36A00,5,836500,0.523191,0.002684,0.106889
S_AQUA_OCRE_7_CRITICA,secuencial,critica,7,97F5F0,A36A00,6,604100,0.398885,0.017319,0.08133
S_AQUA_OCRE_7_CRITICA,secuencial,critica,7,97F5F0,A36A00,7,392200,0.274239,0.017693,0.055853
S_AQUA_OLIVA_7_COMPARATIVA,secuencial,comparativa,7,97F5F0,50680D,1,D0FFFC,0.966816,-0.046679,-0.009369
S_AQUA_OLIVA_7_COMPARATIVA,secuencial,comparativa,7,97F5F0,50680D,2,93F4DF,0.901954,-0.096815,0.002341
S_AQUA_OLIVA_7_COMPARATIVA,secuencial,comparativa,7,97F5F0,50680D,3,80D8AF,0.815322,-0.099459,0.031159
S_AQUA_OLIVA_7_COMPARATIVA,secuencial,comparativa,7,97F5F0,50680D,4,73BA81,0.72705,-0.093743,0.05588
S_AQUA_OLIVA_7_COMPARATIVA,secuencial,comparativa,7,97F5F0,50680D,5,689C57,0.637618,-0.083906,0.074292
S_AQUA_OLIVA_7_COMPARATIVA,secuencial,comparativa,7,97F5F0,50680D,6,5A7E30,0.547346,-0.073433,0.086631
S_AQUA_OLIVA_7_COMPARATIVA,secuencial,comparativa,7,97F5F0,50680D,7,4A6100,0.456845,-0.064398,0.094037
S_AQUA_OLIVA_7_SENSIBLE,secuencial,sensible,7,97F5F0,50680D,1,D0FFFC,0.966816,-0.046679,-0.009369
S_AQUA_OLIVA_7_SENSIBLE,secuencial,sensible,7,97F5F0,50680D,2,8FEFD8,0.886556,-0.09774,0.006054
S_AQUA_OLIVA_7_SENSIBLE,secuencial,sensible,7,97F5F0,50680D,3,79CDA0,0.783524,-0.098766,0.037118
S_AQUA_OLIVA_7_SENSIBLE,secuencial,sensible,7,97F5F0,50680D,4,69AA6E,0.678478,-0.091161,0.061837
S_AQUA_OLIVA_7_SENSIBLE,secuencial,sensible,7,97F5F0,50680D,5,598740,0.572878,-0.080749,0.078533
S_AQUA_OLIVA_7_SENSIBLE,secuencial,sensible,7,97F5F0,50680D,6,466511,0.46509,-0.071162,0.088752
S_AQUA_OLIVA_7_SENSIBLE,secuencial,sensible,7,97F5F0,50680D,7,344500,0.362581,-0.05111,0.074634
S_AQUA_OLIVA_7_CRITICA,secuencial,critica,7,97F5F0,50680D,1,D0FFFC,0.966816,-0.046679,-0.009369
S_AQUA_OLIVA_7_CRITICA,secuencial,critica,7,97F5F0,50680D,2,8AEAD0,0.870581,-0.098541,0.010101
S_AQUA_OLIVA_7_CRITICA,secuencial,critica,7,97F5F0,50680D,3,72C392,0.751152,-0.09759,0.043344
S_AQUA_OLIVA_7_CRITICA,secuencial,critica,7,97F5F0,50680D,4,5F9A5B,0.629724,-0.088128,0.067625
S_AQUA_OLIVA_7_CRITICA,secuencial,critica,7,97F5F0,50680D,5,4A7329,0.507511,-0.077424,0.082475
S_AQUA_OLIVA_7_CRITICA,secuencial,critica,7,97F5F0,50680D,6,354D00,0.384607,-0.06054,0.079233
S_AQUA_OLIVA_7_CRITICA,secuencial,critica,7,97F5F0,50680D,7,1F2B00,0.26715,-0.037658,0.05499
S_MOSTAZA_VERDE_7_COMPARATIVA,secuencial,comparativa,7,E3B51E,4CE31E,1,FFF5DD,0.972346,0.000381,0.034102
S_MOSTAZA_VERDE_7_COMPARATIVA,secuencial,comparativa,7,E3B51E,4CE31E,2,FFE77B,0.925769,-0.015776,0.129475
S_MOSTAZA_VERDE_7_COMPARATIVA,secuencial,comparativa,7,E3B51E,4CE31E,3,E3D800,0.863851,-0.050037,0.177065
S_MOSTAZA_VERDE_7_COMPARATIVA,secuencial,comparativa,7,E3B51E,4CE31E,4,A9C000,0.763472,-0.082861,0.156896
S_MOSTAZA_VERDE_7_COMPARATIVA,secuencial,comparativa,7,E3B51E,4CE31E,5,74A400,0.660545,-0.10472,0.136088
S_MOSTAZA_VERDE_7_COMPARATIVA,secuencial,comparativa,7,E3B51E,4CE31E,6,448600,0.555178,-0.114866,0.114657
S_MOSTAZA_VERDE_7_COMPARATIVA,secuencial,comparativa,7,E3B51E,4CE31E,7,1A6700,0.450869,-0.112236,0.093309
S_MOSTAZA_VERDE_7_SENSIBLE,secuencial,sensible,7,E3B51E,4CE31E,1,FFF5DD,0.972346,0.000381,0.034102
S_MOSTAZA_VERDE_7_SENSIBLE,secuencial,sensible,7,E3B51E,4CE31E,2,FFE56A,0.919745,-0.018588,0.143116
S_MOSTAZA_VERDE_7_SENSIBLE,secuencial,sensible,7,E3B51E,4CE31E,3,D3D000,0.832871,-0.057709,0.170814
S_MOSTAZA_VERDE_7_SENSIBLE,secuencial,sensible,7,E3B51E,4CE31E,4,95B200,0.716311,-0.087758,0.147308
S_MOSTAZA_VERDE_7_SENSIBLE,secuencial,sensible,7,E3B51E,4CE31E,5,5E9100,0.597274,-0.103167,0.12314
S_MOSTAZA_VERDE_7_SENSIBLE,secuencial,sensible,7,E3B51E,4CE31E,6,316D00,0.476614,-0.103249,0.098479
S_MOSTAZA_VERDE_7_SENSIBLE,secuencial,sensible,7,E3B51E,4CE31E,7,104A00,0.357836,-0.089077,0.074055
S_MOSTAZA_VERDE_7_CRITICA,secuencial,critica,7,E3B51E,4CE31E,1,FFF5DD,0.972346,0.000381,0.034102
S_MOSTAZA_VERDE_7_CRITICA,secuencial,critica,7,E3B51E,4CE31E,2,FFE354,0.913801,-0.022131,0.158143
S_MOSTAZA_VERDE_7_CRITICA,secuencial,critica,7,E3B51E,4CE31E,3,C3C800,0.801731,-0.064803,0.164525
S_MOSTAZA_VERDE_7_CRITICA,secuencial,critica,7,E3B51E,4CE31E,4,80A400,0.668041,-0.091789,0.137485
S_MOSTAZA_VERDE_7_CRITICA,secuencial,critica,7,E3B51E,4CE31E,5,497D00,0.532518,-0.099897,0.109871
S_MOSTAZA_VERDE_7_CRITICA,secuencial,critica,7,E3B51E,4CE31E,6,205400,0.395687,-0.08958,0.081797
S_MOSTAZA_VERDE_7_CRITICA,secuencial,critica,7,E3B51E,4CE31E,7,072E00,0.263659,-0.065633,0.054565
S_CIAN_VERDE_7_COMPARATIVA,secuencial,comparativa,7,5FA0CF,5FCF8E,1,EEF7FF,0.971896,-0.006989,-0.012881
S_CIAN_VERDE_7_COMPARATIVA,secuencial,comparativa,7,5FA0CF,5FCF8E,2,A7E8FF,0.894977,-0.05429,-0.048422
S_CIAN_VERDE_7_COMPARATIVA,secuencial,comparativa,7,5FA0CF,5FCF8E,3,4CDBEC,0.82305,-0.108719,-0.053604
S_CIAN_VERDE_7_COMPARATIVA,secuencial,comparativa,7,5FA0CF,5FCF8E,4,00C2B9,0.733604,-0.125435,-0.020171
S_CIAN_VERDE_7_COMPARATIVA,secuencial,comparativa,7,5FA0CF,5FCF8E,5,00A488,0.641555,-0.120681,0.010988
S_CIAN_VERDE_7_COMPARATIVA,secuencial,comparativa,7,5FA0CF,5FCF8E,6,00855D,0.546868,-0.112409,0.033054
S_CIAN_VERDE_7_COMPARATIVA,secuencial,comparativa,7,5FA0CF,5FCF8E,7,00673A,0.4515,-0.100497,0.045621
S_CIAN_VERDE_7_SENSIBLE,secuencial,sensible,7,5FA0CF,5FCF8E,1,EEF7FF,0.971896,-0.006989,-0.012881
S_CIAN_VERDE_7_SENSIBLE,secuencial,sensible,7,5FA0CF,5FCF8E,2,9AE6FF,0.884053,-0.062739,-0.053561
S_CIAN_VERDE_7_SENSIBLE,secuencial,sensible,7,5FA0CF,5FCF8E,3,39D3DE,0.793444,-0.113948,-0.047239
S_CIAN_VERDE_7_SENSIBLE,secuencial,sensible,7,5FA0CF,5FCF8E,4,00B3A5,0.688455,-0.120841,-0.010626
S_CIAN_VERDE_7_SENSIBLE,secuencial,sensible,7,5FA0CF,5FCF8E,5,008F71,0.579016,-0.111797,0.017186
S_CIAN_VERDE_7_SENSIBLE,secuencial,sensible,7,5FA0CF,5FCF8E,6,006C48,0.468091,-0.097991,0.032585
S_CIAN_VERDE_7_SENSIBLE,secuencial,sensible,7,5FA0CF,5FCF8E,7,004A28,0.358337,-0.079761,0.036207
S_CIAN_VERDE_7_CRITICA,secuencial,critica,7,5FA0CF,5FCF8E,1,EEF7FF,0.971896,-0.006989,-0.012881
S_CIAN_VERDE_7_CRITICA,secuencial,critica,7,5FA0CF,5FCF8E,2,8BE4FF,0.873048,-0.072623,-0.058722
S_CIAN_VERDE_7_CRITICA,secuencial,critica,7,5FA0CF,5FCF8E,3,1FCACF,0.763058,-0.119051,-0.039841
S_CIAN_VERDE_7_CRITICA,secuencial,critica,7,5FA0CF,5FCF8E,4,00A390,0.641494,-0.115896,-0.001271
S_CIAN_VERDE_7_CRITICA,secuencial,critica,7,5FA0CF,5FCF8E,5,007B5C,0.516118,-0.102376,0.022098
S_CIAN_VERDE_7_CRITICA,secuencial,critica,7,5FA0CF,5FCF8E,6,005334,0.389573,-0.082984,0.030548
S_CIAN_VERDE_7_CRITICA,secuencial,critica,7,5FA0CF,5FCF8E,7,002E17,0.264028,-0.058769,0.026678
S_VERDE_CIAN_7_COMPARATIVA,secuencial,comparativa,7,5FCF8E,5FA0CF,1,D9FFE5,0.966414,-0.047041,0.021354
S_VERDE_CIAN_7_COMPARATIVA,secuencial,comparativa,7,5FCF8E,5FA0CF,2,81FFD1,0.914999,-0.127529,0.028643
S_VERDE_CIAN_7_COMPARATIVA,secuencial,comparativa,7,5FCF8E,5FA0CF,3,5BE0D7,0.8313,-0.11509,-0.017524
S_VERDE_CIAN_7_COMPARATIVA,secuencial,comparativa,7,5FCF8E,5FA0CF,4,47BFCE,0.742935,-0.094847,-0.048548
S_VERDE_CIAN_7_COMPARATIVA,secuencial,comparativa,7,5FCF8E,5FA0CF,5,3A9DBB,0.650554,-0.074593,-0.06743
S_VERDE_CIAN_7_COMPARATIVA,secuencial,comparativa,7,5FCF8E,5FA0CF,6,2B7CA3,0.556148,-0.05803,-0.078388
S_VERDE_CIAN_7_COMPARATIVA,secuencial,comparativa,7,5FCF8E,5FA0CF,7,195E89,0.461489,-0.046048,-0.08487
S_VERDE_CIAN_7_SENSIBLE,secuencial,sensible,7,5FCF8E,5FA0CF,1,D9FFE5,0.966414,-0.047041,0.021354
S_VERDE_CIAN_7_SENSIBLE,secuencial,sensible,7,5FCF8E,5FA0CF,2,7AFAD2,0.90154,-0.126776,0.022095
S_VERDE_CIAN_7_SENSIBLE,secuencial,sensible,7,5FCF8E,5FA0CF,3,51D5D2,0.801618,-0.110993,-0.025541
S_VERDE_CIAN_7_SENSIBLE,secuencial,sensible,7,5FCF8E,5FA0CF,4,3BAEC3,0.696102,-0.08892,-0.054905
S_VERDE_CIAN_7_SENSIBLE,secuencial,sensible,7,5FCF8E,5FA0CF,5,2888A9,0.587376,-0.069384,-0.071212
S_VERDE_CIAN_7_SENSIBLE,secuencial,sensible,7,5FCF8E,5FA0CF,6,0E648B,0.476357,-0.055046,-0.080077
S_VERDE_CIAN_7_SENSIBLE,secuencial,sensible,7,5FCF8E,5FA0CF,7,004368,0.366235,-0.041084,-0.07572
S_VERDE_CIAN_7_CRITICA,secuencial,critica,7,5FCF8E,5FA0CF,1,D9FFE5,0.966414,-0.047041,0.021354
S_VERDE_CIAN_7_CRITICA,secuencial,critica,7,5FCF8E,5FA0CF,2,73F5D2,0.887625,-0.125698,0.015476
S_VERDE_CIAN_7_CRITICA,secuencial,critica,7,5FCF8E,5FA0CF,3,48CACD,0.771052,-0.106272,-0.033409
S_VERDE_CIAN_7_CRITICA,secuencial,critica,7,5FCF8E,5FA0CF,4,2E9EB7,0.647882,-0.082609,-0.060855
S_VERDE_CIAN_7_CRITICA,secuencial,critica,7,5FCF8E,5FA0CF,5,127397,0.522179,-0.064094,-0.07472
S_VERDE_CIAN_7_CRITICA,secuencial,critica,7,5FCF8E,5FA0CF,6,004C6F,0.394807,-0.046723,-0.073077
S_VERDE_CIAN_7_CRITICA,secuencial,critica,7,5FCF8E,5FA0CF,7,002942,0.269837,-0.03027,-0.05579
S_VERDE_VIOLETA_7_COMPARATIVA,secuencial,comparativa,7,69B82C,7B2CB8,1,E0FFD0,0.966099,-0.048635,0.048786
S_VERDE_VIOLETA_7_COMPARATIVA,secuencial,comparativa,7,69B82C,7B2CB8,2,64FFC2,0.90173,-0.151212,0.044107
S_VERDE_VIOLETA_7_COMPARATIVA,secuencial,comparativa,7,69B82C,7B2CB8,3,00E7E8,0.840583,-0.138355,-0.037644
S_VERDE_VIOLETA_7_COMPARATIVA,secuencial,comparativa,7,69B82C,7B2CB8,4,20C0FF,0.760268,-0.091934,-0.117726
S_VERDE_VIOLETA_7_COMPARATIVA,secuencial,comparativa,7,69B82C,7B2CB8,5,5E92FF,0.675929,-0.019331,-0.169552
S_VERDE_VIOLETA_7_COMPARATIVA,secuencial,comparativa,7,69B82C,7B2CB8,6,7B60EF,0.592637,0.06022,-0.196819
S_VERDE_VIOLETA_7_COMPARATIVA,secuencial,comparativa,7,69B82C,7B2CB8,7,7D2FBB,0.490013,0.119693,-0.16837
S_VERDE_VIOLETA_7_SENSIBLE,secuencial,sensible,7,69B82C,7B2CB8,1,E0FFD0,0.966099,-0.048635,0.048786
S_VERDE_VIOLETA_7_SENSIBLE,secuencial,sensible,7,69B82C,7B2CB8,2,4BFFC0,0.894994,-0.163293,0.044712
S_VERDE_VIOLETA_7_SENSIBLE,secuencial,sensible,7,69B82C,7B2CB8,3,00DFE9,0.820595,-0.1305,-0.049366
S_VERDE_VIOLETA_7_SENSIBLE,secuencial,sensible,7,69B82C,7B2CB8,4,08B2FF,0.726111,-0.084233,-0.137248
S_VERDE_VIOLETA_7_SENSIBLE,secuencial,sensible,7,69B82C,7B2CB8,5,587DFF,0.631347,-0.006066,-0.197059
S_VERDE_VIOLETA_7_SENSIBLE,secuencial,sensible,7,69B82C,7B2CB8,6,6F46D4,0.521383,0.073191,-0.192621
S_VERDE_VIOLETA_7_SENSIBLE,secuencial,sensible,7,69B82C,7B2CB8,7,62009B,0.396634,0.119105,-0.167544
S_VERDE_VIOLETA_7_CRITICA,secuencial,critica,7,69B82C,7B2CB8,1,E0FFD0,0.966099,-0.048635,0.048786
S_VERDE_VIOLETA_7_CRITICA,secuencial,critica,7,69B82C,7B2CB8,2,00FFC0,0.886744,-0.177405,0.041698
S_VERDE_VIOLETA_7_CRITICA,secuencial,critica,7,69B82C,7B2CB8,3,00D3EC,0.793638,-0.11916,-0.067787
S_VERDE_VIOLETA_7_CRITICA,secuencial,critica,7,69B82C,7B2CB8,4,219EFF,0.683937,-0.064615,-0.162563
S_VERDE_VIOLETA_7_CRITICA,secuencial,critica,7,69B82C,7B2CB8,5,5F60EC,0.569111,0.025528,-0.203486
S_VERDE_VIOLETA_7_CRITICA,secuencial,critica,7,69B82C,7B2CB8,6,601FB0,0.430282,0.092668,-0.184373
S_VERDE_VIOLETA_7_CRITICA,secuencial,critica,7,69B82C,7B2CB8,7,3F0066,0.292404,0.087806,-0.123515
S_LIMA_VIOLETA_7_COMPARATIVA,secuencial,comparativa,7,AEE31E,531EE3,1,E6FFBE,0.965807,-0.050981,0.072326
S_LIMA_VIOLETA_7_COMPARATIVA,secuencial,comparativa,7,AEE31E,531EE3,2,75FFA3,0.900561,-0.155452,0.08252
S_LIMA_VIOLETA_7_COMPARATIVA,secuencial,comparativa,7,AEE31E,531EE3,3,00ECCC,0.843514,-0.154923,0.004865
S_LIMA_VIOLETA_7_COMPARATIVA,secuencial,comparativa,7,AEE31E,531EE3,4,00C5E3,0.757563,-0.110436,-0.074368
S_LIMA_VIOLETA_7_COMPARATIVA,secuencial,comparativa,7,AEE31E,531EE3,5,009BF0,0.66442,-0.071481,-0.148558
S_LIMA_VIOLETA_7_COMPARATIVA,secuencial,comparativa,7,AEE31E,531EE3,6,386CFF,0.585108,-0.018763,-0.225074
S_LIMA_VIOLETA_7_COMPARATIVA,secuencial,comparativa,7,AEE31E,531EE3,7,592CEC,0.494338,0.053859,-0.253855
S_LIMA_VIOLETA_7_SENSIBLE,secuencial,sensible,7,AEE31E,531EE3,1,E6FFBE,0.965807,-0.050981,0.072326
S_LIMA_VIOLETA_7_SENSIBLE,secuencial,sensible,7,AEE31E,531EE3,2,61FF9E,0.893262,-0.168713,0.085647
S_LIMA_VIOLETA_7_SENSIBLE,secuencial,sensible,7,AEE31E,531EE3,3,00E3D0,0.822057,-0.145128,-0.010483
S_LIMA_VIOLETA_7_SENSIBLE,secuencial,sensible,7,AEE31E,531EE3,4,00B4DE,0.714607,-0.09773,-0.089562
S_LIMA_VIOLETA_7_SENSIBLE,secuencial,sensible,7,AEE31E,531EE3,5,0083E7,0.60446,-0.056626,-0.168804
S_LIMA_VIOLETA_7_SENSIBLE,secuencial,sensible,7,AEE31E,531EE3,6,3349FA,0.519871,-0.00575,-0.257915
S_LIMA_VIOLETA_7_SENSIBLE,secuencial,sensible,7,AEE31E,531EE3,7,4300C0,0.399589,0.049469,-0.233165
S_LIMA_VIOLETA_7_CRITICA,secuencial,critica,7,AEE31E,531EE3,1,E6FFBE,0.965807,-0.050981,0.072326
S_LIMA_VIOLETA_7_CRITICA,secuencial,critica,7,AEE31E,531EE3,2,38FF9D,0.883448,-0.1849,0.084158
S_LIMA_VIOLETA_7_CRITICA,secuencial,critica,7,AEE31E,531EE3,3,00D6D4,0.792551,-0.131959,-0.031377
S_LIMA_VIOLETA_7_CRITICA,secuencial,critica,7,AEE31E,531EE3,4,009FD9,0.660962,-0.081596,-0.110939
S_LIMA_VIOLETA_7_CRITICA,secuencial,critica,7,AEE31E,531EE3,5,0065E7,0.540536,-0.039471,-0.208982
S_LIMA_VIOLETA_7_CRITICA,secuencial,critica,7,AEE31E,531EE3,6,3812D8,0.426959,0.021003,-0.258061
S_LIMA_VIOLETA_7_CRITICA,secuencial,critica,7,AEE31E,531EE3,7,29007F,0.294556,0.036466,-0.171877
S_TURQUESA_AZUL_7_COMPARATIVA,secuencial,comparativa,7,61B8A8,6171B8,1,D3FFF5,0.966694,-0.046618,-0.000239
S_TURQUESA_AZUL_7_COMPARATIVA,secuencial,comparativa,7,61B8A8,6171B8,2,8EF3F6,0.903674,-0.090151,-0.028915
S_TURQUESA_AZUL_7_COMPARATIVA,secuencial,comparativa,7,61B8A8,6171B8,3,71D4F2,0.820629,-0.078209,-0.065159
S_TURQUESA_AZUL_7_COMPARATIVA,secuencial,comparativa,7,61B8A8,6171B8,4,64B3E5,0.735735,-0.055968,-0.090678
S_TURQUESA_AZUL_7_COMPARATIVA,secuencial,comparativa,7,61B8A8,6171B8,5,5D92D0,0.648445,-0.031567,-0.104777
S_TURQUESA_AZUL_7_COMPARATIVA,secuencial,comparativa,7,61B8A8,6171B8,6,5372B5,0.559097,-0.010334,-0.110412
S_TURQUESA_AZUL_7_COMPARATIVA,secuencial,comparativa,7,61B8A8,6171B8,7,465499,0.469809,0.005403,-0.11124
S_TURQUESA_AZUL_7_SENSIBLE,secuencial,sensible,7,61B8A8,6171B8,1,D3FFF5,0.966694,-0.046618,-0.000239
S_TURQUESA_AZUL_7_SENSIBLE,secuencial,sensible,7,61B8A8,6171B8,2,88EEF4,0.889445,-0.08956,-0.033593
S_TURQUESA_AZUL_7_SENSIBLE,secuencial,sensible,7,61B8A8,6171B8,3,69C9EC,0.790668,-0.074061,-0.071562
S_TURQUESA_AZUL_7_SENSIBLE,secuencial,sensible,7,61B8A8,6171B8,4,5BA3D8,0.689532,-0.049242,-0.095569
S_TURQUESA_AZUL_7_SENSIBLE,secuencial,sensible,7,61B8A8,6171B8,5,4F7DBC,0.585543,-0.025047,-0.107079
S_TURQUESA_AZUL_7_SENSIBLE,secuencial,sensible,7,61B8A8,6171B8,6,415A9C,0.480252,-0.006572,-0.11087
S_TURQUESA_AZUL_7_SENSIBLE,secuencial,sensible,7,61B8A8,6171B8,7,2F397B,0.375017,0.005403,-0.11124
S_TURQUESA_AZUL_7_CRITICA,secuencial,critica,7,61B8A8,6171B8,1,D3FFF5,0.966694,-0.046618,-0.000239
S_TURQUESA_AZUL_7_CRITICA,secuencial,critica,7,61B8A8,6171B8,2,82E9F3,0.874789,-0.08863,-0.038619
S_TURQUESA_AZUL_7_CRITICA,secuencial,critica,7,61B8A8,6171B8,3,62BEE6,0.760429,-0.069106,-0.077946
S_TURQUESA_AZUL_7_CRITICA,secuencial,critica,7,61B8A8,6171B8,4,5292CB,0.642918,-0.041889,-0.099976
S_TURQUESA_AZUL_7_CRITICA,secuencial,critica,7,61B8A8,6171B8,5,4369A9,0.522628,-0.018544,-0.10886
S_TURQUESA_AZUL_7_CRITICA,secuencial,critica,7,61B8A8,6171B8,6,2F4283,0.40108,-0.002989,-0.111158
S_TURQUESA_AZUL_7_CRITICA,secuencial,critica,7,61B8A8,6171B8,7,191F5E,0.280257,0.005403,-0.11124
S_CIAN_PURPURA_7_COMPARATIVA,secuencial,comparativa,7,2BD3ED,452BED,1,E3FAFF,0.970023,-0.021775,-0.013202
S_CIAN_PURPURA_7_COMPARATIVA,secuencial,comparativa,7,2BD3ED,452BED,2,AAE5FF,0.889501,-0.047486,-0.051447
S_CIAN_PURPURA_7_COMPARATIVA,secuencial,comparativa,7,2BD3ED,452BED,3,7FC9FF,0.807078,-0.050801,-0.094098
S_CIAN_PURPURA_7_COMPARATIVA,secuencial,comparativa,7,2BD3ED,452BED,4,60AAFF,0.726588,-0.04145,-0.139029
S_CIAN_PURPURA_7_COMPARATIVA,secuencial,comparativa,7,2BD3ED,452BED,5,4E88FF,0.648202,-0.023508,-0.185915
S_CIAN_PURPURA_7_COMPARATIVA,secuencial,comparativa,7,2BD3ED,452BED,6,4861FF,0.572012,0.000446,-0.234409
S_CIAN_PURPURA_7_COMPARATIVA,secuencial,comparativa,7,2BD3ED,452BED,7,4831F2,0.492638,0.026311,-0.263469
S_CIAN_PURPURA_7_SENSIBLE,secuencial,sensible,7,2BD3ED,452BED,1,E3FAFF,0.970023,-0.021775,-0.013202
S_CIAN_PURPURA_7_SENSIBLE,secuencial,sensible,7,2BD3ED,452BED,2,A0E1FF,0.875789,-0.051104,-0.058227
S_CIAN_PURPURA_7_SENSIBLE,secuencial,sensible,7,2BD3ED,452BED,3,6EBFFF,0.779356,-0.053488,-0.10899
S_CIAN_PURPURA_7_SENSIBLE,secuencial,sensible,7,2BD3ED,452BED,4,4B9AFF,0.685912,-0.041455,-0.162557
S_CIAN_PURPURA_7_SENSIBLE,secuencial,sensible,7,2BD3ED,452BED,5,3A70FF,0.594428,-0.020214,-0.219145
S_CIAN_PURPURA_7_SENSIBLE,secuencial,sensible,7,2BD3ED,452BED,6,3B3CF5,0.501528,0.006426,-0.262948
S_CIAN_PURPURA_7_SENSIBLE,secuencial,sensible,7,2BD3ED,452BED,7,3600C9,0.39996,0.024839,-0.248726
S_CIAN_PURPURA_7_CRITICA,secuencial,critica,7,2BD3ED,452BED,1,E3FAFF,0.970023,-0.021775,-0.013202
S_CIAN_PURPURA_7_CRITICA,secuencial,critica,7,2BD3ED,452BED,2,94DBFF,0.85762,-0.054383,-0.067383
S_CIAN_PURPURA_7_CRITICA,secuencial,critica,7,2BD3ED,452BED,3,5BB3FF,0.74388,-0.053625,-0.128662
S_CIAN_PURPURA_7_CRITICA,secuencial,critica,7,2BD3ED,452BED,4,3785FF,0.633612,-0.036245,-0.1941
S_CIAN_PURPURA_7_CRITICA,secuencial,critica,7,2BD3ED,452BED,5,304BFD,0.525541,-0.009278,-0.260123
S_CIAN_PURPURA_7_CRITICA,secuencial,critica,7,2BD3ED,452BED,6,3000CC,0.400183,0.015763,-0.253977
S_CIAN_PURPURA_7_CRITICA,secuencial,critica,7,2BD3ED,452BED,7,200085,0.294826,0.01831,-0.183345
S_CIAN_VIOLETA_7_COMPARATIVA,secuencial,comparativa,7,00B4DE,531EE3,1,E8F9FF,0.970973,-0.014267,-0.013039
S_CIAN_VIOLETA_7_COMPARATIVA,secuencial,comparativa,7,00B4DE,531EE3,2,B5E1FF,0.889433,-0.033056,-0.052077
S_CIAN_VIOLETA_7_COMPARATIVA,secuencial,comparativa,7,00B4DE,531EE3,3,8FC5FF,0.807491,-0.03301,-0.094671
S_CIAN_VIOLETA_7_COMPARATIVA,secuencial,comparativa,7,00B4DE,531EE3,4,74A6FF,0.727504,-0.020663,-0.139507
S_CIAN_VIOLETA_7_COMPARATIVA,secuencial,comparativa,7,00B4DE,531EE3,5,6583FF,0.650464,0.000391,-0.185782
S_CIAN_VIOLETA_7_COMPARATIVA,secuencial,comparativa,7,00B4DE,531EE3,6,5E5BFF,0.575394,0.027922,-0.233767
S_CIAN_VIOLETA_7_COMPARATIVA,secuencial,comparativa,7,00B4DE,531EE3,7,592CEC,0.494338,0.053859,-0.253855
S_CIAN_VIOLETA_7_SENSIBLE,secuencial,sensible,7,00B4DE,531EE3,1,E8F9FF,0.970973,-0.014267,-0.013039
S_CIAN_VIOLETA_7_SENSIBLE,secuencial,sensible,7,00B4DE,531EE3,2,ACDDFF,0.874857,-0.035587,-0.059349
S_CIAN_VIOLETA_7_SENSIBLE,secuencial,sensible,7,00B4DE,531EE3,3,81BBFF,0.778731,-0.03378,-0.110236
S_CIAN_VIOLETA_7_SENSIBLE,secuencial,sensible,7,00B4DE,531EE3,4,6495FF,0.684941,-0.017579,-0.16432
S_CIAN_VIOLETA_7_SENSIBLE,secuencial,sensible,7,00B4DE,531EE3,5,566AFF,0.595278,0.007848,-0.220126
S_CIAN_VIOLETA_7_SENSIBLE,secuencial,sensible,7,00B4DE,531EE3,6,5035F0,0.499885,0.036804,-0.255326
S_CIAN_VIOLETA_7_SENSIBLE,secuencial,sensible,7,00B4DE,531EE3,7,4300C0,0.399589,0.049469,-0.233165
S_CIAN_VIOLETA_7_CRITICA,secuencial,critica,7,00B4DE,531EE3,1,E8F9FF,0.970973,-0.014267,-0.013039
S_CIAN_VIOLETA_7_CRITICA,secuencial,critica,7,00B4DE,531EE3,2,A2D7FF,0.857063,-0.037637,-0.068382
S_CIAN_VIOLETA_7_CRITICA,secuencial,critica,7,00B4DE,531EE3,3,72AEFF,0.743665,-0.03202,-0.129805
S_CIAN_VIOLETA_7_CRITICA,secuencial,critica,7,00B4DE,531EE3,4,567FFF,0.634516,-0.00974,-0.194932
S_CIAN_VIOLETA_7_CRITICA,secuencial,critica,7,00B4DE,531EE3,5,4C45F9,0.526007,0.022062,-0.254394
S_CIAN_VIOLETA_7_CRITICA,secuencial,critica,7,00B4DE,531EE3,6,4000C5,0.402549,0.041998,-0.240023
S_CIAN_VIOLETA_7_CRITICA,secuencial,critica,7,00B4DE,531EE3,7,29007F,0.294556,0.036466,-0.171877
S_CELESTE_INDIGO_7_COMPARATIVA,secuencial,comparativa,7,C4D2FF,3D098E,1,F3F6FF,0.972824,0.000327,-0.012721
S_CELESTE_INDIGO_7_COMPARATIVA,secuencial,comparativa,7,C4D2FF,3D098E,2,D2DAFF,0.893157,0.005482,-0.051792
S_CELESTE_INDIGO_7_COMPARATIVA,secuencial,comparativa,7,C4D2FF,3D098E,3,B6BCFF,0.815017,0.016109,-0.092829
S_CELESTE_INDIGO_7_COMPARATIVA,secuencial,comparativa,7,C4D2FF,3D098E,4,9F9DFF,0.738415,0.031245,-0.135791
S_CELESTE_INDIGO_7_COMPARATIVA,secuencial,comparativa,7,C4D2FF,3D098E,5,8B7DF7,0.659939,0.046891,-0.16886
S_CELESTE_INDIGO_7_COMPARATIVA,secuencial,comparativa,7,C4D2FF,3D098E,6,765FDB,0.571735,0.055335,-0.173937
S_CELESTE_INDIGO_7_COMPARATIVA,secuencial,comparativa,7,C4D2FF,3D098E,7,6041BD,0.483106,0.060773,-0.174668
S_CELESTE_INDIGO_7_SENSIBLE,secuencial,sensible,7,C4D2FF,3D098E,1,F3F6FF,0.972824,0.000327,-0.012721
S_CELESTE_INDIGO_7_SENSIBLE,secuencial,sensible,7,C4D2FF,3D098E,2,CCD5FF,0.87935,0.006657,-0.05883
S_CELESTE_INDIGO_7_SENSIBLE,secuencial,sensible,7,C4D2FF,3D098E,3,ADB2FF,0.788522,0.019768,-0.107328
S_CELESTE_INDIGO_7_SENSIBLE,secuencial,sensible,7,C4D2FF,3D098E,4,938DFF,0.699745,0.038235,-0.158419
S_CELESTE_INDIGO_7_SENSIBLE,secuencial,sensible,7,C4D2FF,3D098E,5,7A69E2,0.597176,0.049608,-0.170868
S_CELESTE_INDIGO_7_SENSIBLE,secuencial,sensible,7,C4D2FF,3D098E,6,6146C1,0.493081,0.056739,-0.174398
S_CELESTE_INDIGO_7_SENSIBLE,secuencial,sensible,7,C4D2FF,3D098E,7,49219F,0.390281,0.060773,-0.174668
S_CELESTE_INDIGO_7_CRITICA,secuencial,critica,7,C4D2FF,3D098E,1,F3F6FF,0.972824,0.000327,-0.012721
S_CELESTE_INDIGO_7_CRITICA,secuencial,critica,7,C4D2FF,3D098E,2,C7CFFF,0.864586,0.008122,-0.06645
S_CELESTE_INDIGO_7_CRITICA,secuencial,critica,7,C4D2FF,3D098E,3,A3A7FF,0.759929,0.024389,-0.123345
S_CELESTE_INDIGO_7_CRITICA,secuencial,critica,7,C4D2FF,3D098E,4,867CF2,0.650028,0.042692,-0.165135
S_CELESTE_INDIGO_7_CRITICA,secuencial,critica,7,C4D2FF,3D098E,5,6953CC,0.529868,0.052513,-0.172639
S_CELESTE_INDIGO_7_CRITICA,secuencial,critica,7,C4D2FF,3D098E,6,4D2AA5,0.410125,0.058173,-0.174713
S_CELESTE_INDIGO_7_CRITICA,secuencial,critica,7,C4D2FF,3D098E,7,310078,0.294246,0.054992,-0.158053
S_AZUL_LILA_7_COMPARATIVA,secuencial,comparativa,7,6586D2,B165D2,1,F2F6FF,0.97265,-0.001047,-0.012751
S_AZUL_LILA_7_COMPARATIVA,secuencial,comparativa,7,6586D2,B165D2,2,D3D9FF,0.892285,0.007553,-0.052317
S_AZUL_LILA_7_COMPARATIVA,secuencial,comparativa,7,6586D2,B165D2,3,C0B9FF,0.815642,0.031758,-0.093192
S_AZUL_LILA_7_COMPARATIVA,secuencial,comparativa,7,6586D2,B165D2,4,B796FF,0.7448,0.068756,-0.133964
S_AZUL_LILA_7_COMPARATIVA,secuencial,comparativa,7,6586D2,B165D2,5,AB74E5,0.662497,0.095922,-0.139124
S_AZUL_LILA_7_COMPARATIVA,secuencial,comparativa,7,6586D2,B165D2,6,9855C2,0.574235,0.111671,-0.130918
S_AZUL_LILA_7_COMPARATIVA,secuencial,comparativa,7,6586D2,B165D2,7,8236A1,0.485705,0.121741,-0.123049
S_AZUL_LILA_7_SENSIBLE,secuencial,sensible,7,6586D2,B165D2,1,F2F6FF,0.97265,-0.001047,-0.012751
S_AZUL_LILA_7_SENSIBLE,secuencial,sensible,7,6586D2,B165D2,2,CED4FF,0.878506,0.009799,-0.059391
S_AZUL_LILA_7_SENSIBLE,secuencial,sensible,7,6586D2,B165D2,3,BAAEFF,0.790053,0.039972,-0.107416
S_AZUL_LILA_7_SENSIBLE,secuencial,sensible,7,6586D2,B165D2,4,AF85F6,0.703355,0.08016,-0.144069
S_AZUL_LILA_7_SENSIBLE,secuencial,sensible,7,6586D2,B165D2,5,9A5FCF,0.599861,0.100937,-0.136916
S_AZUL_LILA_7_SENSIBLE,secuencial,sensible,7,6586D2,B165D2,6,813CA8,0.495883,0.114148,-0.129236
S_AZUL_LILA_7_SENSIBLE,secuencial,sensible,7,6586D2,B165D2,7,661583,0.391274,0.121741,-0.123049
S_AZUL_LILA_7_CRITICA,secuencial,critica,7,6586D2,B165D2,1,F2F6FF,0.97265,-0.001047,-0.012751
S_AZUL_LILA_7_CRITICA,secuencial,critica,7,6586D2,B165D2,2,C9CEFF,0.863419,0.012893,-0.067254
S_AZUL_LILA_7_CRITICA,secuencial,critica,7,6586D2,B165D2,3,B4A0FF,0.761088,0.051629,-0.123978
S_AZUL_LILA_7_CRITICA,secuencial,critica,7,6586D2,B165D2,4,A372E3,0.650735,0.088128,-0.141924
S_AZUL_LILA_7_CRITICA,secuencial,critica,7,6586D2,B165D2,5,8848B5,0.529362,0.106694,-0.133936
S_AZUL_LILA_7_CRITICA,secuencial,critica,7,6586D2,B165D2,6,681C89,0.405194,0.117217,-0.126955
S_AZUL_LILA_7_CRITICA,secuencial,critica,7,6586D2,B165D2,7,45005B,0.291292,0.101081,-0.102167
S_AZUL_ACERO_CAFE_7_COMPARATIVA,secuencial,comparativa,7,619DB8,B87D61,1,EAF8FF,0.971324,-0.011495,-0.012979
S_AZUL_ACERO_CAFE_7_COMPARATIVA,secuencial,comparativa,7,619DB8,B87D61,2,D0D9FF,0.890133,0.005519,-0.053318
S_AZUL_ACERO_CAFE_7_COMPARATIVA,secuencial,comparativa,7,619DB8,B87D61,3,D6B5E9,0.81781,0.054778,-0.059002
S_AZUL_ACERO_CAFE_7_COMPARATIVA,secuencial,comparativa,7,619DB8,B87D61,4,D095B6,0.736596,0.079416,-0.021433
S_AZUL_ACERO_CAFE_7_COMPARATIVA,secuencial,comparativa,7,619DB8,B87D61,5,BC7A83,0.650547,0.0818,0.015884
S_AZUL_ACERO_CAFE_7_COMPARATIVA,secuencial,comparativa,7,619DB8,B87D61,6,A06256,0.562325,0.071789,0.043394
S_AZUL_ACERO_CAFE_7_COMPARATIVA,secuencial,comparativa,7,619DB8,B87D61,7,824B31,0.471891,0.058221,0.060658
S_AZUL_ACERO_CAFE_7_SENSIBLE,secuencial,sensible,7,619DB8,B87D61,1,EAF8FF,0.971324,-0.011495,-0.012979
S_AZUL_ACERO_CAFE_7_SENSIBLE,secuencial,sensible,7,619DB8,B87D61,2,CED3FF,0.8777,0.009974,-0.059809
S_AZUL_ACERO_CAFE_7_SENSIBLE,secuencial,sensible,7,619DB8,B87D61,3,D1AADB,0.789116,0.061423,-0.052651
S_AZUL_ACERO_CAFE_7_SENSIBLE,secuencial,sensible,7,619DB8,B87D61,4,C487A1,0.691254,0.081782,-0.011475
S_AZUL_ACERO_CAFE_7_SENSIBLE,secuencial,sensible,7,619DB8,B87D61,5,A9686B,0.588301,0.079905,0.024306
S_AZUL_ACERO_CAFE_7_SENSIBLE,secuencial,sensible,7,619DB8,B87D61,6,874C3D,0.482327,0.069013,0.047804
S_AZUL_ACERO_CAFE_7_SENSIBLE,secuencial,sensible,7,619DB8,B87D61,7,653116,0.376333,0.058221,0.060658
S_AZUL_ACERO_CAFE_7_CRITICA,secuencial,critica,7,619DB8,B87D61,1,EAF8FF,0.971324,-0.011495,-0.012979
S_AZUL_ACERO_CAFE_7_CRITICA,secuencial,critica,7,619DB8,B87D61,2,CCCDFF,0.865184,0.016353,-0.066492
S_AZUL_ACERO_CAFE_7_CRITICA,secuencial,critica,7,619DB8,B87D61,3,CD9FCC,0.759357,0.068138,-0.044404
S_AZUL_ACERO_CAFE_7_CRITICA,secuencial,critica,7,619DB8,B87D61,4,B7788B,0.644218,0.082917,-0.000116
S_AZUL_ACERO_CAFE_7_CRITICA,secuencial,critica,7,619DB8,B87D61,5,955653,0.524186,0.076906,0.033033
S_AZUL_ACERO_CAFE_7_CRITICA,secuencial,critica,7,619DB8,B87D61,6,6E3625,0.402468,0.066134,0.0518
S_AZUL_ACERO_CAFE_7_CRITICA,secuencial,critica,7,619DB8,B87D61,7,461900,0.279511,0.05426,0.056531
S_LILA_CAFE_7_COMPARATIVA,secuencial,comparativa,7,D1AADB,B87D61,1,FDF3FF,0.97462,0.014436,-0.01241
S_LILA_CAFE_7_COMPARATIVA,secuencial,comparativa,7,D1AADB,B87D61,2,FFCEEC,0.902937,0.063416,-0.02189
S_LILA_CAFE_7_COMPARATIVA,secuencial,comparativa,7,D1AADB,B87D61,3,F2AEC2,0.821114,0.082697,0.000544
S_LILA_CAFE_7_COMPARATIVA,secuencial,comparativa,7,D1AADB,B87D61,4,D99497,0.73498,0.079987,0.023565
S_LILA_CAFE_7_COMPARATIVA,secuencial,comparativa,7,D1AADB,B87D61,5,BC7B71,0.647888,0.073168,0.040841
S_LILA_CAFE_7_COMPARATIVA,secuencial,comparativa,7,D1AADB,B87D61,6,9F634F,0.55955,0.065263,0.052895
S_LILA_CAFE_7_COMPARATIVA,secuencial,comparativa,7,D1AADB,B87D61,7,824B31,0.471891,0.058221,0.060658
S_LILA_CAFE_7_SENSIBLE,secuencial,sensible,7,D1AADB,B87D61,1,FDF3FF,0.97462,0.014436,-0.01241
S_LILA_CAFE_7_SENSIBLE,secuencial,sensible,7,D1AADB,B87D61,2,FFC8E8,0.889704,0.071608,-0.02178
S_LILA_CAFE_7_SENSIBLE,secuencial,sensible,7,D1AADB,B87D61,3,E9A5B5,0.790721,0.08268,0.005432
S_LILA_CAFE_7_SENSIBLE,secuencial,sensible,7,D1AADB,B87D61,4,CA8685,0.688359,0.078482,0.028551
S_LILA_CAFE_7_SENSIBLE,secuencial,sensible,7,D1AADB,B87D61,5,A7695C,0.584255,0.070998,0.044649
S_LILA_CAFE_7_SENSIBLE,secuencial,sensible,7,D1AADB,B87D61,6,854C37,0.480275,0.063738,0.05476
S_LILA_CAFE_7_SENSIBLE,secuencial,sensible,7,D1AADB,B87D61,7,653116,0.376333,0.058221,0.060658
S_LILA_CAFE_7_CRITICA,secuencial,critica,7,D1AADB,B87D61,1,FDF3FF,0.97462,0.014436,-0.01241
S_LILA_CAFE_7_CRITICA,secuencial,critica,7,D1AADB,B87D61,2,FFC1E2,0.875693,0.079345,-0.020381
S_LILA_CAFE_7_CRITICA,secuencial,critica,7,D1AADB,B87D61,3,DF9BA7,0.759022,0.082297,0.011015
S_LILA_CAFE_7_CRITICA,secuencial,critica,7,D1AADB,B87D61,4,BA7873,0.63983,0.076441,0.033957
S_LILA_CAFE_7_CRITICA,secuencial,critica,7,D1AADB,B87D61,5,925647,0.519371,0.068542,0.048452
S_LILA_CAFE_7_CRITICA,secuencial,critica,7,D1AADB,B87D61,6,6C3620,0.397664,0.062063,0.056683
S_LILA_CAFE_7_CRITICA,secuencial,critica,7,D1AADB,B87D61,7,461900,0.279511,0.05426,0.056531
S_ROSA_VINO_7_COMPARATIVA,secuencial,comparativa,7,F9CDE4,44145B,1,FFF3F9,0.974559,0.014946,-0.003852
S_ROSA_VINO_7_COMPARATIVA,secuencial,comparativa,7,F9CDE4,44145B,2,FFCFF0,0.905344,0.063785,-0.026456
S_ROSA_VINO_7_COMPARATIVA,secuencial,comparativa,7,F9CDE4,44145B,3,EBAFE5,0.826146,0.085868,-0.04937
S_ROSA_VINO_7_COMPARATIVA,secuencial,comparativa,7,F9CDE4,44145B,4,CE92D3,0.740272,0.089739,-0.065662
S_ROSA_VINO_7_COMPARATIVA,secuencial,comparativa,7,F9CDE4,44145B,5,AF78BE,0.653018,0.089096,-0.077976
S_ROSA_VINO_7_COMPARATIVA,secuencial,comparativa,7,F9CDE4,44145B,6,915EA7,0.565094,0.086305,-0.086325
S_ROSA_VINO_7_COMPARATIVA,secuencial,comparativa,7,F9CDE4,44145B,7,74458E,0.478396,0.082891,-0.091248
S_ROSA_VINO_7_SENSIBLE,secuencial,sensible,7,F9CDE4,44145B,1,FFF3F9,0.974559,0.014946,-0.003852
S_ROSA_VINO_7_SENSIBLE,secuencial,sensible,7,F9CDE4,44145B,2,FFC8F0,0.893415,0.073189,-0.031471
S_ROSA_VINO_7_SENSIBLE,secuencial,sensible,7,F9CDE4,44145B,3,E1A4DD,0.794568,0.087209,-0.05311
S_ROSA_VINO_7_SENSIBLE,secuencial,sensible,7,F9CDE4,44145B,4,BD84C6,0.69247,0.089896,-0.069415
S_ROSA_VINO_7_SENSIBLE,secuencial,sensible,7,F9CDE4,44145B,5,9A65AB,0.589074,0.088448,-0.0807
S_ROSA_VINO_7_SENSIBLE,secuencial,sensible,7,F9CDE4,44145B,6,78478F,0.4862,0.08564,-0.087563
S_ROSA_VINO_7_SENSIBLE,secuencial,sensible,7,F9CDE4,44145B,7,592A71,0.383275,0.082891,-0.091248
S_ROSA_VINO_7_CRITICA,secuencial,critica,7,F9CDE4,44145B,1,FFF3F9,0.974559,0.014946,-0.003852
S_ROSA_VINO_7_CRITICA,secuencial,critica,7,F9CDE4,44145B,2,FCC2ED,0.879379,0.078075,-0.035138
S_ROSA_VINO_7_CRITICA,secuencial,critica,7,F9CDE4,44145B,3,D69AD5,0.762924,0.088331,-0.057055
S_ROSA_VINO_7_CRITICA,secuencial,critica,7,F9CDE4,44145B,4,AD75B8,0.644539,0.089755,-0.073182
S_ROSA_VINO_7_CRITICA,secuencial,critica,7,F9CDE4,44145B,5,865299,0.525906,0.087635,-0.083236
S_ROSA_VINO_7_CRITICA,secuencial,critica,7,F9CDE4,44145B,6,613177,0.406297,0.08491,-0.088748
S_ROSA_VINO_7_CRITICA,secuencial,critica,7,F9CDE4,44145B,7,3F0D55,0.287714,0.082891,-0.091248
S_MAGENTA_7_COMPARATIVA,secuencial,comparativa,7,F4408A,F4408A,1,FFF3F6,0.974314,0.013441,0.000154
S_MAGENTA_7_COMPARATIVA,secuencial,comparativa,7,F4408A,F4408A,2,FFCCDA,0.894058,0.059655,0.000682
S_MAGENTA_7_COMPARATIVA,secuencial,comparativa,7,F4408A,F4408A,3,FFA5BF,0.817279,0.111174,0.001271
S_MAGENTA_7_COMPARATIVA,secuencial,comparativa,7,F4408A,F4408A,4,FF79A6,0.744439,0.168519,0.001927
S_MAGENTA_7_COMPARATIVA,secuencial,comparativa,7,F4408A,F4408A,5,F8488E,0.670972,0.218132,0.002495
S_MAGENTA_7_COMPARATIVA,secuencial,comparativa,7,F4408A,F4408A,6,D71D73,0.578284,0.220585,0.002523
S_MAGENTA_7_COMPARATIVA,secuencial,comparativa,7,F4408A,F4408A,7,B0005B,0.490367,0.198502,0.00227
S_MAGENTA_7_SENSIBLE,secuencial,sensible,7,F4408A,F4408A,1,FFF3F6,0.974314,0.013441,0.000154
S_MAGENTA_7_SENSIBLE,secuencial,sensible,7,F4408A,F4408A,2,FFC5D4,0.878547,0.069427,0.000794
S_MAGENTA_7_SENSIBLE,secuencial,sensible,7,F4408A,F4408A,3,FF94B5,0.788189,0.132971,0.001521
S_MAGENTA_7_SENSIBLE,secuencial,sensible,7,F4408A,F4408A,4,FF5B99,0.703767,0.204927,0.002344
S_MAGENTA_7_SENSIBLE,secuencial,sensible,7,F4408A,F4408A,5,DE2979,0.598133,0.219228,0.002507
S_MAGENTA_7_SENSIBLE,secuencial,sensible,7,F4408A,F4408A,6,B0005B,0.490918,0.198725,0.002273
S_MAGENTA_7_SENSIBLE,secuencial,sensible,7,F4408A,F4408A,7,810040,0.389355,0.157612,0.001803
S_MAGENTA_7_CRITICA,secuencial,critica,7,F4408A,F4408A,1,FFF3F6,0.974314,0.013441,0.000154
S_MAGENTA_7_CRITICA,secuencial,critica,7,F4408A,F4408A,2,FFBDCF,0.863179,0.07941,0.000908
S_MAGENTA_7_CRITICA,secuencial,critica,7,F4408A,F4408A,3,FF83AC,0.759668,0.155744,0.001781
S_MAGENTA_7_CRITICA,secuencial,critica,7,F4408A,F4408A,4,F14289,0.653505,0.21684,0.00248
S_MAGENTA_7_CRITICA,secuencial,critica,7,F4408A,F4408A,5,C10064,0.525592,0.212761,0.002433
S_MAGENTA_7_CRITICA,secuencial,critica,7,F4408A,F4408A,6,870044,0.404349,0.163681,0.001872
S_MAGENTA_7_CRITICA,secuencial,critica,7,F4408A,F4408A,7,530027,0.287011,0.116183,0.001329
S_ROSA_MAGENTA_7_COMPARATIVA,secuencial,comparativa,7,E04D83,E04D83,1,FFF3F6,0.974303,0.013373,0.000336
S_ROSA_MAGENTA_7_COMPARATIVA,secuencial,comparativa,7,E04D83,E04D83,2,FFCDDA,0.896154,0.058028,0.00146
S_ROSA_MAGENTA_7_COMPARATIVA,secuencial,comparativa,7,E04D83,E04D83,3,FFA7C0,0.821047,0.107827,0.002712
S_ROSA_MAGENTA_7_COMPARATIVA,secuencial,comparativa,7,E04D83,E04D83,4,FF7DA7,0.750009,0.162837,0.004096
S_ROSA_MAGENTA_7_COMPARATIVA,secuencial,comparativa,7,E04D83,E04D83,5,EC588D,0.668184,0.186764,0.004698
S_ROSA_MAGENTA_7_COMPARATIVA,secuencial,comparativa,7,E04D83,E04D83,6,CC3A72,0.578705,0.187199,0.004709
S_ROSA_MAGENTA_7_COMPARATIVA,secuencial,comparativa,7,E04D83,E04D83,7,AC1359,0.488816,0.187344,0.004712
S_ROSA_MAGENTA_7_SENSIBLE,secuencial,sensible,7,E04D83,E04D83,1,FFF3F6,0.974303,0.013373,0.000336
S_ROSA_MAGENTA_7_SENSIBLE,secuencial,sensible,7,E04D83,E04D83,2,FFC6D5,0.88124,0.067326,0.001693
S_ROSA_MAGENTA_7_SENSIBLE,secuencial,sensible,7,E04D83,E04D83,3,FF97B6,0.792535,0.128877,0.003242
S_ROSA_MAGENTA_7_SENSIBLE,secuencial,sensible,7,E04D83,E04D83,4,F96598,0.705432,0.186232,0.004684
S_ROSA_MAGENTA_7_SENSIBLE,secuencial,sensible,7,E04D83,E04D83,5,D24078,0.597684,0.186953,0.004702
S_ROSA_MAGENTA_7_SENSIBLE,secuencial,sensible,7,E04D83,E04D83,6,AD1459,0.490822,0.187264,0.00471
S_ROSA_MAGENTA_7_SENSIBLE,secuencial,sensible,7,E04D83,E04D83,7,81003F,0.389294,0.157299,0.003957
S_ROSA_MAGENTA_7_CRITICA,secuencial,critica,7,E04D83,E04D83,1,FFF3F6,0.974303,0.013373,0.000336
S_ROSA_MAGENTA_7_CRITICA,secuencial,critica,7,E04D83,E04D83,2,FFBECF,0.865643,0.077347,0.001945
S_ROSA_MAGENTA_7_CRITICA,secuencial,critica,7,E04D83,E04D83,3,FF86AC,0.763958,0.151339,0.003807
S_ROSA_MAGENTA_7_CRITICA,secuencial,critica,7,E04D83,E04D83,4,E55288,0.650321,0.186537,0.004692
S_ROSA_MAGENTA_7_CRITICA,secuencial,critica,7,E04D83,E04D83,5,B92563,0.524739,0.187106,0.004706
S_ROSA_MAGENTA_7_CRITICA,secuencial,critica,7,E04D83,E04D83,6,870042,0.401855,0.162374,0.004084
S_ROSA_MAGENTA_7_CRITICA,secuencial,critica,7,E04D83,E04D83,7,530027,0.286967,0.115953,0.002917
S_ROSA_FUERTE_7_COMPARATIVA,secuencial,comparativa,7,FF4D6D,FF4D6D,1,FFF3F4,0.974128,0.012282,0.003226
S_ROSA_FUERTE_7_COMPARATIVA,secuencial,comparativa,7,FF4D6D,FF4D6D,2,FFCDD0,0.893248,0.054466,0.014308
S_ROSA_FUERTE_7_COMPARATIVA,secuencial,comparativa,7,FF4D6D,FF4D6D,3,FFA7AD,0.815803,0.101402,0.026638
S_ROSA_FUERTE_7_COMPARATIVA,secuencial,comparativa,7,FF4D6D,FF4D6D,4,FF7C8B,0.74174,0.153917,0.040435
S_ROSA_FUERTE_7_COMPARATIVA,secuencial,comparativa,7,FF4D6D,FF4D6D,5,FA4B6B,0.668959,0.203619,0.053491
S_ROSA_FUERTE_7_COMPARATIVA,secuencial,comparativa,7,FF4D6D,FF4D6D,6,DA2350,0.577291,0.205505,0.053987
S_ROSA_FUERTE_7_COMPARATIVA,secuencial,comparativa,7,FF4D6D,FF4D6D,7,B4003B,0.489199,0.18914,0.049688
S_ROSA_FUERTE_7_SENSIBLE,secuencial,sensible,7,FF4D6D,FF4D6D,1,FFF3F4,0.974128,0.012282,0.003226
S_ROSA_FUERTE_7_SENSIBLE,secuencial,sensible,7,FF4D6D,FF4D6D,2,FFC6C9,0.877608,0.063376,0.016649
S_ROSA_FUERTE_7_SENSIBLE,secuencial,sensible,7,FF4D6D,FF4D6D,3,FF96A0,0.785945,0.121573,0.031938
S_ROSA_FUERTE_7_SENSIBLE,secuencial,sensible,7,FF4D6D,FF4D6D,4,FF5F77,0.699922,0.187577,0.049277
S_ROSA_FUERTE_7_SENSIBLE,secuencial,sensible,7,FF4D6D,FF4D6D,5,E02E56,0.596159,0.204467,0.053714
S_ROSA_FUERTE_7_SENSIBLE,secuencial,sensible,7,FF4D6D,FF4D6D,6,B4003B,0.489747,0.189351,0.049743
S_ROSA_FUERTE_7_SENSIBLE,secuencial,sensible,7,FF4D6D,FF4D6D,7,830029,0.388418,0.150175,0.039451
S_ROSA_FUERTE_7_CRITICA,secuencial,critica,7,FF4D6D,FF4D6D,1,FFF3F4,0.974128,0.012282,0.003226
S_ROSA_FUERTE_7_CRITICA,secuencial,critica,7,FF4D6D,FF4D6D,2,FFBEC2,0.862109,0.072475,0.01904
S_ROSA_FUERTE_7_CRITICA,secuencial,critica,7,FF4D6D,FF4D6D,3,FF8692,0.756589,0.142702,0.037488
S_ROSA_FUERTE_7_CRITICA,secuencial,critica,7,FF4D6D,FF4D6D,4,F34566,0.650701,0.202643,0.053235
S_ROSA_FUERTE_7_CRITICA,secuencial,critica,7,FF4D6D,FF4D6D,5,C50042,0.522906,0.202172,0.053111
S_ROSA_FUERTE_7_CRITICA,secuencial,critica,7,FF4D6D,FF4D6D,6,8A002C,0.403381,0.15596,0.040971
S_ROSA_FUERTE_7_CRITICA,secuencial,critica,7,FF4D6D,FF4D6D,7,550017,0.28634,0.110708,0.029083
S_ROJO_NARANJA_7_COMPARATIVA,secuencial,comparativa,7,EB6849,EB6849,1,FFF4F1,0.973878,0.010703,0.007393
S_ROJO_NARANJA_7_COMPARATIVA,secuencial,comparativa,7,EB6849,EB6849,2,FFD0C4,0.89512,0.04592,0.031719
S_ROJO_NARANJA_7_COMPARATIVA,secuencial,comparativa,7,EB6849,EB6849,3,FFAC97,0.819298,0.084835,0.058599
S_ROJO_NARANJA_7_COMPARATIVA,secuencial,comparativa,7,EB6849,EB6849,4,FF8567,0.746736,0.127827,0.088295
S_ROJO_NARANJA_7_COMPARATIVA,secuencial,comparativa,7,EB6849,EB6849,5,E76445,0.661651,0.139212,0.09616
S_ROJO_NARANJA_7_COMPARATIVA,secuencial,comparativa,7,EB6849,EB6849,6,C74729,0.572068,0.139212,0.09616
S_ROJO_NARANJA_7_COMPARATIVA,secuencial,comparativa,7,EB6849,EB6849,7,A92903,0.483429,0.139212,0.09616
S_ROJO_NARANJA_7_SENSIBLE,secuencial,sensible,7,EB6849,EB6849,1,FFF4F1,0.973878,0.010703,0.007393
S_ROJO_NARANJA_7_SENSIBLE,secuencial,sensible,7,EB6849,EB6849,2,FFC9BB,0.880015,0.053244,0.036778
S_ROJO_NARANJA_7_SENSIBLE,secuencial,sensible,7,EB6849,EB6849,3,FF9D85,0.790414,0.101205,0.069906
S_ROJO_NARANJA_7_SENSIBLE,secuencial,sensible,7,EB6849,EB6849,4,F47051,0.698937,0.139212,0.09616
S_ROJO_NARANJA_7_SENSIBLE,secuencial,sensible,7,EB6849,EB6849,5,CE4E2F,0.592018,0.139212,0.09616
S_ROJO_NARANJA_7_SENSIBLE,secuencial,sensible,7,EB6849,EB6849,6,A92903,0.483944,0.139212,0.09616
S_ROJO_NARANJA_7_SENSIBLE,secuencial,sensible,7,EB6849,EB6849,7,7C1A00,0.384004,0.111835,0.077249
S_ROJO_NARANJA_7_CRITICA,secuencial,critica,7,EB6849,EB6849,1,FFF4F1,0.973878,0.010703,0.007393
S_ROJO_NARANJA_7_CRITICA,secuencial,critica,7,EB6849,EB6849,2,FFC2B2,0.864627,0.060914,0.042076
S_ROJO_NARANJA_7_CRITICA,secuencial,critica,7,EB6849,EB6849,3,FF8D72,0.761516,0.118552,0.081889
S_ROJO_NARANJA_7_CRITICA,secuencial,critica,7,EB6849,EB6849,4,E15F40,0.645419,0.139212,0.09616
S_ROJO_NARANJA_7_CRITICA,secuencial,critica,7,EB6849,EB6849,5,B63616,0.520574,0.139212,0.09616
S_ROJO_NARANJA_7_CRITICA,secuencial,critica,7,EB6849,EB6849,6,821C00,0.398818,0.116149,0.080229
S_ROJO_NARANJA_7_CRITICA,secuencial,critica,7,EB6849,EB6849,7,500D00,0.283181,0.082472,0.056966
S_NARANJA_7_COMPARATIVA,secuencial,comparativa,7,ED822B,ED822B,1,FFF4ED,0.973587,0.00883,0.012305
S_NARANJA_7_COMPARATIVA,secuencial,comparativa,7,ED822B,ED822B,2,FFD2B5,0.895481,0.037088,0.051684
S_NARANJA_7_COMPARATIVA,secuencial,comparativa,7,ED822B,ED822B,3,FFAF7A,0.820171,0.067922,0.094652
S_NARANJA_7_COMPARATIVA,secuencial,comparativa,7,ED822B,ED822B,4,F88C38,0.743684,0.093887,0.130835
S_NARANJA_7_COMPARATIVA,secuencial,comparativa,7,ED822B,ED822B,5,D86F07,0.652088,0.093887,0.130835
S_NARANJA_7_COMPARATIVA,secuencial,comparativa,7,ED822B,ED822B,6,B25A00,0.562955,0.081921,0.114159
S_NARANJA_7_COMPARATIVA,secuencial,comparativa,7,ED822B,ED822B,7,8D4600,0.474126,0.068995,0.096146
S_NARANJA_7_SENSIBLE,secuencial,sensible,7,ED822B,ED822B,1,FFF4ED,0.973587,0.00883,0.012305
S_NARANJA_7_SENSIBLE,secuencial,sensible,7,ED822B,ED822B,2,FFCCAB,0.881579,0.042493,0.059215
S_NARANJA_7_SENSIBLE,secuencial,sensible,7,ED822B,ED822B,3,FFA261,0.793451,0.079859,0.111286
S_NARANJA_7_SENSIBLE,secuencial,sensible,7,ED822B,ED822B,4,E77C23,0.693748,0.093887,0.130835
S_NARANJA_7_SENSIBLE,secuencial,sensible,7,ED822B,ED822B,5,BC5F00,0.586539,0.085353,0.118942
S_NARANJA_7_SENSIBLE,secuencial,sensible,7,ED822B,ED822B,6,904700,0.480575,0.069933,0.097454
S_NARANJA_7_SENSIBLE,secuencial,sensible,7,ED822B,ED822B,7,663100,0.376286,0.054757,0.076305
S_NARANJA_7_CRITICA,secuencial,critica,7,ED822B,ED822B,1,FFF4ED,0.973587,0.00883,0.012305
S_NARANJA_7_CRITICA,secuencial,critica,7,ED822B,ED822B,2,FFC6A0,0.867535,0.048079,0.066999
S_NARANJA_7_CRITICA,secuencial,critica,7,ED822B,ED822B,3,FF9444,0.767158,0.092179,0.128455
S_NARANJA_7_CRITICA,secuencial,critica,7,ED822B,ED822B,4,D56C00,0.642715,0.093527,0.130333
S_NARANJA_7_CRITICA,secuencial,critica,7,ED822B,ED822B,5,A05000,0.520162,0.075694,0.105481
S_NARANJA_7_CRITICA,secuencial,critica,7,ED822B,ED822B,6,6E3500,0.397702,0.057873,0.080648
S_NARANJA_7_CRITICA,secuencial,critica,7,ED822B,ED822B,7,411D00,0.277667,0.040406,0.056307
S_NARANJA_AMARILLO_7_COMPARATIVA,secuencial,comparativa,7,FFB62E,FFB62E,1,FFF5E6,0.973016,0.005039,0.022156
S_NARANJA_AMARILLO_7_COMPARATIVA,secuencial,comparativa,7,FFB62E,FFB62E,2,FFD89E,0.902376,0.018947,0.083299
S_NARANJA_AMARILLO_7_COMPARATIVA,secuencial,comparativa,7,FFB62E,FFB62E,3,FFBA44,0.834267,0.033496,0.147267
S_NARANJA_AMARILLO_7_COMPARATIVA,secuencial,comparativa,7,FFB62E,FFB62E,4,E29D00,0.744366,0.034515,0.151747
S_NARANJA_AMARILLO_7_COMPARATIVA,secuencial,comparativa,7,FFB62E,FFB62E,5,BD8300,0.651888,0.030227,0.132895
S_NARANJA_AMARILLO_7_COMPARATIVA,secuencial,comparativa,7,FFB62E,FFB62E,6,9A6A00,0.55959,0.025947,0.114079
S_NARANJA_AMARILLO_7_COMPARATIVA,secuencial,comparativa,7,FFB62E,FFB62E,7,785200,0.467895,0.021696,0.095386
S_NARANJA_AMARILLO_7_SENSIBLE,secuencial,sensible,7,FFB62E,FFB62E,1,FFF5E6,0.973016,0.005039,0.022156
S_NARANJA_AMARILLO_7_SENSIBLE,secuencial,sensible,7,FFB62E,FFB62E,2,FFD391,0.890289,0.02144,0.094263
S_NARANJA_AMARILLO_7_SENSIBLE,secuencial,sensible,7,FFB62E,FFB62E,3,F9B023,0.805685,0.035646,0.156716
S_NARANJA_AMARILLO_7_SENSIBLE,secuencial,sensible,7,FFB62E,FFB62E,4,CF8F00,0.696308,0.032287,0.14195
S_NARANJA_AMARILLO_7_SENSIBLE,secuencial,sensible,7,FFB62E,FFB62E,5,A57100,0.587558,0.027244,0.11978
S_NARANJA_AMARILLO_7_SENSIBLE,secuencial,sensible,7,FFB62E,FFB62E,6,7C5400,0.478646,0.022194,0.097577
S_NARANJA_AMARILLO_7_SENSIBLE,secuencial,sensible,7,FFB62E,FFB62E,7,573A00,0.37134,0.017219,0.075702
S_NARANJA_AMARILLO_7_CRITICA,secuencial,critica,7,FFB62E,FFB62E,1,FFF5E6,0.973016,0.005039,0.022156
S_NARANJA_AMARILLO_7_CRITICA,secuencial,critica,7,FFB62E,FFB62E,2,FFCE83,0.878052,0.024002,0.105526
S_NARANJA_AMARILLO_7_CRITICA,secuencial,critica,7,FFB62E,FFB62E,3,EDA505,0.772028,0.035646,0.156716
S_NARANJA_AMARILLO_7_CRITICA,secuencial,critica,7,FFB62E,FFB62E,4,BC8200,0.647631,0.03003,0.132027
S_NARANJA_AMARILLO_7_CRITICA,secuencial,critica,7,FFB62E,FFB62E,5,8C6000,0.522272,0.024217,0.106471
S_NARANJA_AMARILLO_7_CRITICA,secuencial,critica,7,FFB62E,FFB62E,6,5F4000,0.396877,0.018403,0.080908
S_NARANJA_AMARILLO_7_CRITICA,secuencial,critica,7,FFB62E,FFB62E,7,372300,0.273587,0.012686,0.055774
S_VERDE_OLIVA_7_COMPARATIVA,secuencial,comparativa,7,8FBA17,8FBA17,1,E6FFBD,0.965795,-0.051089,0.073236
S_VERDE_OLIVA_7_COMPARATIVA,secuencial,comparativa,7,8FBA17,8FBA17,2,CFFE6E,0.934497,-0.101889,0.146058
S_VERDE_OLIVA_7_COMPARATIVA,secuencial,comparativa,7,8FBA17,8FBA17,3,B0DD4A,0.837218,-0.101889,0.146058
S_VERDE_OLIVA_7_COMPARATIVA,secuencial,comparativa,7,8FBA17,8FBA17,4,92BD1D,0.739938,-0.101889,0.146058
S_VERDE_OLIVA_7_COMPARATIVA,secuencial,comparativa,7,8FBA17,8FBA17,5,789D00,0.644802,-0.092601,0.132744
S_VERDE_OLIVA_7_COMPARATIVA,secuencial,comparativa,7,8FBA17,8FBA17,6,5F7E00,0.550093,-0.079,0.113247
S_VERDE_OLIVA_7_COMPARATIVA,secuencial,comparativa,7,8FBA17,8FBA17,7,496100,0.456701,-0.065588,0.09402
S_VERDE_OLIVA_7_SENSIBLE,secuencial,sensible,7,8FBA17,8FBA17,1,E6FFBD,0.965795,-0.051089,0.073236
S_VERDE_OLIVA_7_SENSIBLE,secuencial,sensible,7,8FBA17,8FBA17,2,C9F868,0.917881,-0.101889,0.146058
S_VERDE_OLIVA_7_SENSIBLE,secuencial,sensible,7,8FBA17,8FBA17,3,A5D23D,0.804605,-0.101889,0.146058
S_VERDE_OLIVA_7_SENSIBLE,secuencial,sensible,7,8FBA17,8FBA17,4,84AD00,0.69208,-0.099391,0.142477
S_VERDE_OLIVA_7_SENSIBLE,secuencial,sensible,7,8FBA17,8FBA17,5,678900,0.581806,-0.083554,0.119775
S_VERDE_OLIVA_7_SENSIBLE,secuencial,sensible,7,8FBA17,8FBA17,6,4C6600,0.471407,-0.0677,0.097048
S_VERDE_OLIVA_7_SENSIBLE,secuencial,sensible,7,8FBA17,8FBA17,7,334500,0.362462,-0.052054,0.074619
S_VERDE_OLIVA_7_CRITICA,secuencial,critica,7,8FBA17,8FBA17,1,E6FFBD,0.965795,-0.051089,0.073236
S_VERDE_OLIVA_7_CRITICA,secuencial,critica,7,8FBA17,8FBA17,2,C4F262,0.901447,-0.101889,0.146058
S_VERDE_OLIVA_7_CRITICA,secuencial,critica,7,8FBA17,8FBA17,3,9BC72E,0.771919,-0.101889,0.146058
S_VERDE_OLIVA_7_CRITICA,secuencial,critica,7,8FBA17,8FBA17,4,779D00,0.643878,-0.092469,0.132554
S_VERDE_OLIVA_7_CRITICA,secuencial,critica,7,8FBA17,8FBA17,5,587400,0.518227,-0.074424,0.106687
S_VERDE_OLIVA_7_CRITICA,secuencial,critica,7,8FBA17,8FBA17,6,3A4E00,0.391587,-0.056237,0.080615
S_VERDE_OLIVA_7_CRITICA,secuencial,critica,7,8FBA17,8FBA17,7,1E2B00,0.267062,-0.038353,0.05498
S_VERDE_LIMA_7_COMPARATIVA,secuencial,comparativa,7,75BD28,75BD28,1,E1FFCD,0.966015,-0.049047,0.053126
S_VERDE_LIMA_7_COMPARATIVA,secuencial,comparativa,7,75BD28,75BD28,2,BCFF87,0.929403,-0.112309,0.121649
S_VERDE_LIMA_7_COMPARATIVA,secuencial,comparativa,7,75BD28,75BD28,3,9BE45B,0.842439,-0.124863,0.135247
S_VERDE_LIMA_7_COMPARATIVA,secuencial,comparativa,7,75BD28,75BD28,4,7BC333,0.74303,-0.126292,0.136794
S_VERDE_LIMA_7_COMPARATIVA,secuencial,comparativa,7,75BD28,75BD28,5,5FA300,0.644615,-0.122806,0.133019
S_VERDE_LIMA_7_COMPARATIVA,secuencial,comparativa,7,75BD28,75BD28,6,4B8300,0.54883,-0.104558,0.113253
S_VERDE_LIMA_7_COMPARATIVA,secuencial,comparativa,7,75BD28,75BD28,7,396400,0.454073,-0.086506,0.0937
S_VERDE_LIMA_7_SENSIBLE,secuencial,sensible,7,75BD28,75BD28,1,E1FFCD,0.966015,-0.049047,0.053126
S_VERDE_LIMA_7_SENSIBLE,secuencial,sensible,7,75BD28,75BD28,2,B6FF7A,0.924314,-0.122234,0.132399
S_VERDE_LIMA_7_SENSIBLE,secuencial,sensible,7,75BD28,75BD28,3,91D94F,0.810042,-0.125253,0.135669
S_VERDE_LIMA_7_SENSIBLE,secuencial,sensible,7,75BD28,75BD28,4,6DB31B,0.694335,-0.126572,0.137098
S_VERDE_LIMA_7_SENSIBLE,secuencial,sensible,7,75BD28,75BD28,5,528E00,0.582049,-0.110887,0.120108
S_VERDE_LIMA_7_SENSIBLE,secuencial,sensible,7,75BD28,75BD28,6,3C6A00,0.471432,-0.089813,0.097282
S_VERDE_LIMA_7_SENSIBLE,secuencial,sensible,7,75BD28,75BD28,7,274800,0.360378,-0.068656,0.074365
S_VERDE_LIMA_7_CRITICA,secuencial,critica,7,75BD28,75BD28,1,E1FFCD,0.966015,-0.049047,0.053126
S_VERDE_LIMA_7_CRITICA,secuencial,critica,7,75BD28,75BD28,2,B1FA74,0.908779,-0.123329,0.133584
S_VERDE_LIMA_7_CRITICA,secuencial,critica,7,75BD28,75BD28,3,86CE42,0.776755,-0.12562,0.136066
S_VERDE_LIMA_7_CRITICA,secuencial,critica,7,75BD28,75BD28,4,5FA300,0.645467,-0.122969,0.133195
S_VERDE_LIMA_7_CRITICA,secuencial,critica,7,75BD28,75BD28,5,457900,0.518757,-0.098829,0.107047
S_VERDE_LIMA_7_CRITICA,secuencial,critica,7,75BD28,75BD28,6,2D5100,0.391387,-0.074563,0.080764
S_VERDE_LIMA_7_CRITICA,secuencial,critica,7,75BD28,75BD28,7,162C00,0.265529,-0.050586,0.054793
S_VERDE_BRILLANTE_7_COMPARATIVA,secuencial,comparativa,7,00D919,00D919,1,DDFFDA,0.96623,-0.047763,0.035981
S_VERDE_BRILLANTE_7_COMPARATIVA,secuencial,comparativa,7,00D919,00D919,2,A4FF9F,0.920134,-0.123282,0.092871
S_VERDE_BRILLANTE_7_COMPARATIVA,secuencial,comparativa,7,00D919,00D919,3,68EF65,0.849077,-0.171872,0.129475
S_VERDE_BRILLANTE_7_COMPARATIVA,secuencial,comparativa,7,00D919,00D919,4,28D02D,0.747324,-0.188925,0.142321
S_VERDE_BRILLANTE_7_COMPARATIVA,secuencial,comparativa,7,00D919,00D919,5,00AD12,0.647269,-0.172969,0.130301
S_VERDE_BRILLANTE_7_COMPARATIVA,secuencial,comparativa,7,00D919,00D919,6,008A0C,0.54842,-0.146553,0.110402
S_VERDE_BRILLANTE_7_COMPARATIVA,secuencial,comparativa,7,00D919,00D919,7,006806,0.449814,-0.120203,0.090552
S_VERDE_BRILLANTE_7_SENSIBLE,secuencial,sensible,7,00D919,00D919,1,DDFFDA,0.96623,-0.047763,0.035981
S_VERDE_BRILLANTE_7_SENSIBLE,secuencial,sensible,7,00D919,00D919,2,9BFF96,0.913866,-0.134699,0.101472
S_VERDE_BRILLANTE_7_SENSIBLE,secuencial,sensible,7,00D919,00D919,3,58E556,0.816625,-0.176596,0.133034
S_VERDE_BRILLANTE_7_SENSIBLE,secuencial,sensible,7,00D919,00D919,4,00BF15,0.698901,-0.186766,0.140695
S_VERDE_BRILLANTE_7_SENSIBLE,secuencial,sensible,7,00D919,00D919,5,00960E,0.584434,-0.156177,0.117652
S_VERDE_BRILLANTE_7_SENSIBLE,secuencial,sensible,7,00D919,00D919,6,006F07,0.47102,-0.12587,0.094821
S_VERDE_BRILLANTE_7_SENSIBLE,secuencial,sensible,7,00D919,00D919,7,004B03,0.357,-0.095401,0.071867
S_VERDE_BRILLANTE_7_CRITICA,secuencial,critica,7,00D919,00D919,1,DDFFDA,0.96623,-0.047763,0.035981
S_VERDE_BRILLANTE_7_CRITICA,secuencial,critica,7,00D919,00D919,2,91FF8C,0.907502,-0.146621,0.110453
S_VERDE_BRILLANTE_7_CRITICA,secuencial,critica,7,00D919,00D919,3,46DB46,0.783967,-0.180889,0.136268
S_VERDE_BRILLANTE_7_CRITICA,secuencial,critica,7,00D919,00D919,4,00AE12,0.651092,-0.17399,0.131071
S_VERDE_BRILLANTE_7_CRITICA,secuencial,critica,7,00D919,00D919,5,00810A,0.521825,-0.139446,0.105048
S_VERDE_BRILLANTE_7_CRITICA,secuencial,critica,7,00D919,00D919,6,005604,0.391719,-0.104679,0.078857
S_VERDE_BRILLANTE_7_CRITICA,secuencial,critica,7,00D919,00D919,7,002F01,0.263044,-0.070293,0.052953
S_VERDE_TURQUESA_7_COMPARATIVA,secuencial,comparativa,7,40C191,40C191,1,D7FFEB,0.96652,-0.046787,0.013137
S_VERDE_TURQUESA_7_COMPARATIVA,secuencial,comparativa,7,40C191,40C191,2,89FFCD,0.917148,-0.124396,0.034928
S_VERDE_TURQUESA_7_COMPARATIVA,secuencial,comparativa,7,40C191,40C191,3,65E1AF,0.825256,-0.128046,0.035953
S_VERDE_TURQUESA_7_COMPARATIVA,secuencial,comparativa,7,40C191,40C191,4,41C292,0.731017,-0.128046,0.035953
S_VERDE_TURQUESA_7_COMPARATIVA,secuencial,comparativa,7,40C191,40C191,5,0CA475,0.636325,-0.128046,0.035953
S_VERDE_TURQUESA_7_COMPARATIVA,secuencial,comparativa,7,40C191,40C191,6,00845E,0.544114,-0.111153,0.031209
S_VERDE_TURQUESA_7_COMPARATIVA,secuencial,comparativa,7,40C191,40C191,7,006648,0.452435,-0.092425,0.025951
S_VERDE_TURQUESA_7_SENSIBLE,secuencial,sensible,7,40C191,40C191,1,D7FFEB,0.96652,-0.046787,0.013137
S_VERDE_TURQUESA_7_SENSIBLE,secuencial,sensible,7,40C191,40C191,2,80FBC8,0.903587,-0.128046,0.035953
S_VERDE_TURQUESA_7_SENSIBLE,secuencial,sensible,7,40C191,40C191,3,59D6A5,0.793383,-0.128046,0.035953
S_VERDE_TURQUESA_7_SENSIBLE,secuencial,sensible,7,40C191,40C191,4,2CB383,0.683183,-0.128046,0.035953
S_VERDE_TURQUESA_7_SENSIBLE,secuencial,sensible,7,40C191,40C191,5,008E65,0.573666,-0.11719,0.032904
S_VERDE_TURQUESA_7_SENSIBLE,secuencial,sensible,7,40C191,40C191,6,006A4B,0.465637,-0.095122,0.026708
S_VERDE_TURQUESA_7_SENSIBLE,secuencial,sensible,7,40C191,40C191,7,004932,0.359078,-0.073353,0.020596
S_VERDE_TURQUESA_7_CRITICA,secuencial,critica,7,40C191,40C191,1,D7FFEB,0.96652,-0.046787,0.013137
S_VERDE_TURQUESA_7_CRITICA,secuencial,critica,7,40C191,40C191,2,7BF6C3,0.887598,-0.128046,0.035953
S_VERDE_TURQUESA_7_CRITICA,secuencial,critica,7,40C191,40C191,3,4DCC9B,0.761412,-0.128046,0.035953
S_VERDE_TURQUESA_7_CRITICA,secuencial,critica,7,40C191,40C191,4,0AA375,0.635022,-0.128046,0.035953
S_VERDE_TURQUESA_7_CRITICA,secuencial,critica,7,40C191,40C191,5,007956,0.511039,-0.104396,0.029312
S_VERDE_TURQUESA_7_CRITICA,secuencial,critica,7,40C191,40C191,6,005239,0.387932,-0.079248,0.022251
S_VERDE_TURQUESA_7_CRITICA,secuencial,critica,7,40C191,40C191,7,002D1E,0.264574,-0.054048,0.015175
S_AZUL_TURQUESA_7_COMPARATIVA,secuencial,comparativa,7,54B6B8,54B6B8,1,D1FFFF,0.967166,-0.044433,-0.013689
S_AZUL_TURQUESA_7_COMPARATIVA,secuencial,comparativa,7,54B6B8,54B6B8,2,91F2F3,0.901043,-0.087546,-0.026972
S_AZUL_TURQUESA_7_COMPARATIVA,secuencial,comparativa,7,54B6B8,54B6B8,3,73D4D6,0.811753,-0.087546,-0.026972
S_AZUL_TURQUESA_7_COMPARATIVA,secuencial,comparativa,7,54B6B8,54B6B8,4,55B7B9,0.722408,-0.087546,-0.026972
S_AZUL_TURQUESA_7_COMPARATIVA,secuencial,comparativa,7,54B6B8,54B6B8,5,359B9D,0.632617,-0.087546,-0.026972
S_AZUL_TURQUESA_7_COMPARATIVA,secuencial,comparativa,7,54B6B8,54B6B8,6,047F82,0.542868,-0.087546,-0.026972
S_AZUL_TURQUESA_7_COMPARATIVA,secuencial,comparativa,7,54B6B8,54B6B8,7,006466,0.455344,-0.074063,-0.022818
S_AZUL_TURQUESA_7_SENSIBLE,secuencial,sensible,7,54B6B8,54B6B8,1,D1FFFF,0.967166,-0.044433,-0.013689
S_AZUL_TURQUESA_7_SENSIBLE,secuencial,sensible,7,54B6B8,54B6B8,2,8CECEE,0.885156,-0.087546,-0.026972
S_AZUL_TURQUESA_7_SENSIBLE,secuencial,sensible,7,54B6B8,54B6B8,3,69CACC,0.780058,-0.087546,-0.026972
S_AZUL_TURQUESA_7_SENSIBLE,secuencial,sensible,7,54B6B8,54B6B8,4,44A8AA,0.674166,-0.087546,-0.026972
S_AZUL_TURQUESA_7_SENSIBLE,secuencial,sensible,7,54B6B8,54B6B8,5,18878A,0.568627,-0.087546,-0.026972
S_AZUL_TURQUESA_7_SENSIBLE,secuencial,sensible,7,54B6B8,54B6B8,6,006769,0.464429,-0.075541,-0.023273
S_AZUL_TURQUESA_7_SENSIBLE,secuencial,sensible,7,54B6B8,54B6B8,7,004749,0.361386,-0.058781,-0.01811
S_AZUL_TURQUESA_7_CRITICA,secuencial,critica,7,54B6B8,54B6B8,1,D1FFFF,0.967166,-0.044433,-0.013689
S_AZUL_TURQUESA_7_CRITICA,secuencial,critica,7,54B6B8,54B6B8,2,86E7E9,0.869097,-0.087546,-0.026972
S_AZUL_TURQUESA_7_CRITICA,secuencial,critica,7,54B6B8,54B6B8,3,5EBFC1,0.747418,-0.087546,-0.026972
S_AZUL_TURQUESA_7_CRITICA,secuencial,critica,7,54B6B8,54B6B8,4,33999B,0.626327,-0.087546,-0.026972
S_AZUL_TURQUESA_7_CRITICA,secuencial,critica,7,54B6B8,54B6B8,5,007375,0.504611,-0.082077,-0.025287
S_AZUL_TURQUESA_7_CRITICA,secuencial,critica,7,54B6B8,54B6B8,6,004E4F,0.38412,-0.062478,-0.019249
S_AZUL_TURQUESA_7_CRITICA,secuencial,critica,7,54B6B8,54B6B8,7,002C2D,0.266271,-0.04331,-0.013343
S_AZUL_ACERO_7_COMPARATIVA,secuencial,comparativa,7,619DB8,619DB8,1,EAF8FF,0.971324,-0.011495,-0.012979
S_AZUL_ACERO_7_COMPARATIVA,secuencial,comparativa,7,619DB8,619DB8,2,B1E6FF,0.896432,-0.042663,-0.04817
S_AZUL_ACERO_7_COMPARATIVA,secuencial,comparativa,7,619DB8,619DB8,3,8ECBE8,0.811405,-0.049114,-0.055453
S_AZUL_ACERO_7_COMPARATIVA,secuencial,comparativa,7,619DB8,619DB8,4,73AFCB,0.723438,-0.049114,-0.055453
S_AZUL_ACERO_7_COMPARATIVA,secuencial,comparativa,7,619DB8,619DB8,5,5894AE,0.635282,-0.049114,-0.055453
S_AZUL_ACERO_7_COMPARATIVA,secuencial,comparativa,7,619DB8,619DB8,6,3D7993,0.547446,-0.049114,-0.055453
S_AZUL_ACERO_7_COMPARATIVA,secuencial,comparativa,7,619DB8,619DB8,7,226079,0.459562,-0.049114,-0.055453
S_AZUL_ACERO_7_SENSIBLE,secuencial,sensible,7,619DB8,619DB8,1,EAF8FF,0.971324,-0.011495,-0.012979
S_AZUL_ACERO_7_SENSIBLE,secuencial,sensible,7,619DB8,619DB8,2,A6E3FF,0.883029,-0.048421,-0.05467
S_AZUL_ACERO_7_SENSIBLE,secuencial,sensible,7,619DB8,619DB8,3,84C1DD,0.779367,-0.049114,-0.055453
S_AZUL_ACERO_7_SENSIBLE,secuencial,sensible,7,619DB8,619DB8,4,64A0BB,0.67562,-0.049114,-0.055453
S_AZUL_ACERO_7_SENSIBLE,secuencial,sensible,7,619DB8,619DB8,5,45809A,0.571397,-0.049114,-0.055453
S_AZUL_ACERO_7_SENSIBLE,secuencial,sensible,7,619DB8,619DB8,6,24627B,0.467361,-0.049114,-0.055453
S_AZUL_ACERO_7_SENSIBLE,secuencial,sensible,7,619DB8,619DB8,7,00455C,0.364141,-0.047317,-0.053424
S_AZUL_ACERO_7_CRITICA,secuencial,critica,7,619DB8,619DB8,1,EAF8FF,0.971324,-0.011495,-0.012979
S_AZUL_ACERO_7_CRITICA,secuencial,critica,7,619DB8,619DB8,2,A0DEFA,0.867221,-0.049114,-0.055453
S_AZUL_ACERO_7_CRITICA,secuencial,critica,7,619DB8,619DB8,3,7AB7D2,0.747129,-0.049114,-0.055453
S_AZUL_ACERO_7_CRITICA,secuencial,critica,7,619DB8,619DB8,4,5591AC,0.626145,-0.049114,-0.055453
S_AZUL_ACERO_7_CRITICA,secuencial,critica,7,619DB8,619DB8,5,316D86,0.505888,-0.049114,-0.055453
S_AZUL_ACERO_7_CRITICA,secuencial,critica,7,619DB8,619DB8,6,034B63,0.384942,-0.049114,-0.055453
S_AZUL_ACERO_7_CRITICA,secuencial,critica,7,619DB8,619DB8,7,002B3A,0.268297,-0.034863,-0.039362
S_AZUL_COBALTO_7_COMPARATIVA,secuencial,comparativa,7,2B71ED,2B71ED,1,F1F6FF,0.972523,-0.002045,-0.012773
S_AZUL_COBALTO_7_COMPARATIVA,secuencial,comparativa,7,2B71ED,2B71ED,2,C7DCFF,0.890649,-0.008401,-0.052482
S_AZUL_COBALTO_7_COMPARATIVA,secuencial,comparativa,7,2B71ED,2B71ED,3,9EC2FF,0.810186,-0.015052,-0.094027
S_AZUL_COBALTO_7_COMPARATIVA,secuencial,comparativa,7,2B71ED,2B71ED,4,75A7FF,0.730652,-0.022035,-0.137648
S_AZUL_COBALTO_7_COMPARATIVA,secuencial,comparativa,7,2B71ED,2B71ED,5,498BFF,0.652284,-0.02932,-0.183156
S_AZUL_COBALTO_7_COMPARATIVA,secuencial,comparativa,7,2B71ED,2B71ED,6,276DE9,0.56519,-0.031562,-0.197162
S_AZUL_COBALTO_7_COMPARATIVA,secuencial,comparativa,7,2B71ED,2B71ED,7,0450CA,0.474527,-0.031628,-0.197575
S_AZUL_COBALTO_7_SENSIBLE,secuencial,sensible,7,2B71ED,2B71ED,1,F1F6FF,0.972523,-0.002045,-0.012773
S_AZUL_COBALTO_7_SENSIBLE,secuencial,sensible,7,2B71ED,2B71ED,2,C0D7FF,0.875224,-0.009645,-0.060249
S_AZUL_COBALTO_7_SENSIBLE,secuencial,sensible,7,2B71ED,2B71ED,3,8EB8FF,0.779186,-0.017725,-0.110723
S_AZUL_COBALTO_7_SENSIBLE,secuencial,sensible,7,2B71ED,2B71ED,4,5C97FF,0.685167,-0.026214,-0.163755
S_AZUL_COBALTO_7_SENSIBLE,secuencial,sensible,7,2B71ED,2B71ED,5,2E74EF,0.585691,-0.031451,-0.196469
S_AZUL_COBALTO_7_SENSIBLE,secuencial,sensible,7,2B71ED,2B71ED,6,0551CA,0.476334,-0.031594,-0.197361
S_AZUL_COBALTO_7_SENSIBLE,secuencial,sensible,7,2B71ED,2B71ED,7,003895,0.376974,-0.025602,-0.15993
S_AZUL_COBALTO_7_CRITICA,secuencial,critica,7,2B71ED,2B71ED,1,F1F6FF,0.972523,-0.002045,-0.012773
S_AZUL_COBALTO_7_CRITICA,secuencial,critica,7,2B71ED,2B71ED,2,B7D2FF,0.859079,-0.010962,-0.068478
S_AZUL_COBALTO_7_CRITICA,secuencial,critica,7,2B71ED,2B71ED,3,7EADFF,0.747999,-0.020477,-0.127914
S_AZUL_COBALTO_7_CRITICA,secuencial,critica,7,2B71ED,2B71ED,4,4286FF,0.638984,-0.030596,-0.191128
S_AZUL_COBALTO_7_CRITICA,secuencial,critica,7,2B71ED,2B71ED,5,165DD7,0.513266,-0.031521,-0.196907
S_AZUL_COBALTO_7_CRITICA,secuencial,critica,7,2B71ED,2B71ED,6,003C9E,0.393864,-0.026749,-0.167095
S_AZUL_COBALTO_7_CRITICA,secuencial,critica,7,2B71ED,2B71ED,7,002262,0.278158,-0.018891,-0.118007
S_AZUL_ELECTRICO_7_COMPARATIVA,secuencial,comparativa,7,573DFF,573DFF,1,F4F5FF,0.973015,0.001824,-0.012688
S_AZUL_ELECTRICO_7_COMPARATIVA,secuencial,comparativa,7,573DFF,573DFF,2,D2D8FF,0.891155,0.007604,-0.052889
S_AZUL_ELECTRICO_7_COMPARATIVA,secuencial,comparativa,7,573DFF,573DFF,3,B2BBFF,0.810616,0.01367,-0.09508
S_AZUL_ELECTRICO_7_COMPARATIVA,secuencial,comparativa,7,573DFF,573DFF,4,949EFF,0.731471,0.020013,-0.139204
S_AZUL_ELECTRICO_7_COMPARATIVA,secuencial,comparativa,7,573DFF,573DFF,5,797EFF,0.65304,0.026681,-0.185584
S_AZUL_ELECTRICO_7_COMPARATIVA,secuencial,comparativa,7,573DFF,573DFF,6,625AFF,0.576095,0.033589,-0.233632
S_AZUL_ELECTRICO_7_COMPARATIVA,secuencial,comparativa,7,573DFF,573DFF,7,4F2DF2,0.494231,0.037962,-0.26405
S_AZUL_ELECTRICO_7_SENSIBLE,secuencial,sensible,7,573DFF,573DFF,1,F4F5FF,0.973015,0.001824,-0.012688
S_AZUL_ELECTRICO_7_SENSIBLE,secuencial,sensible,7,573DFF,573DFF,2,CCD3FF,0.876292,0.008694,-0.060474
S_AZUL_ELECTRICO_7_SENSIBLE,secuencial,sensible,7,573DFF,573DFF,3,A7B1FF,0.781332,0.015972,-0.111094
S_AZUL_ELECTRICO_7_SENSIBLE,secuencial,sensible,7,573DFF,573DFF,4,858DFF,0.688016,0.023661,-0.164574
S_AZUL_ELECTRICO_7_SENSIBLE,secuencial,sensible,7,573DFF,573DFF,5,6864FF,0.596486,0.031724,-0.220657
S_AZUL_ELECTRICO_7_SENSIBLE,secuencial,sensible,7,573DFF,573DFF,6,5131F4,0.501438,0.037813,-0.26301
S_AZUL_ELECTRICO_7_SENSIBLE,secuencial,sensible,7,573DFF,573DFF,7,3B00C6,0.399842,0.03489,-0.242676
S_AZUL_ELECTRICO_7_CRITICA,secuencial,critica,7,573DFF,573DFF,1,F4F5FF,0.973015,0.001824,-0.012688
S_AZUL_ELECTRICO_7_CRITICA,secuencial,critica,7,573DFF,573DFF,2,C5CDFF,0.858156,0.010042,-0.069851
S_AZUL_ELECTRICO_7_CRITICA,secuencial,critica,7,573DFF,573DFF,3,9AA3FF,0.745909,0.018827,-0.130954
S_AZUL_ELECTRICO_7_CRITICA,secuencial,critica,7,573DFF,573DFF,4,7376FF,0.635269,0.028245,-0.196459
S_AZUL_ELECTRICO_7_CRITICA,secuencial,critica,7,573DFF,573DFF,5,563DFD,0.526586,0.037571,-0.261327
S_AZUL_ELECTRICO_7_CRITICA,secuencial,critica,7,573DFF,573DFF,6,3C00C7,0.402656,0.035135,-0.244384
S_AZUL_ELECTRICO_7_CRITICA,secuencial,critica,7,573DFF,573DFF,7,240083,0.29474,0.025718,-0.178887
S_VIOLETA_CLARO_7_COMPARATIVA,secuencial,comparativa,7,7B65D2,7B65D2,1,F6F5FF,0.973358,0.004522,-0.012629
S_VIOLETA_CLARO_7_COMPARATIVA,secuencial,comparativa,7,7B65D2,7B65D2,2,DBD7FF,0.894428,0.01851,-0.051691
S_VIOLETA_CLARO_7_COMPARATIVA,secuencial,comparativa,7,7B65D2,7B65D2,3,C1B9FF,0.817171,0.033099,-0.092433
S_VIOLETA_CLARO_7_COMPARATIVA,secuencial,comparativa,7,7B65D2,7B65D2,4,AA9AFF,0.740588,0.048479,-0.135383
S_VIOLETA_CLARO_7_COMPARATIVA,secuencial,comparativa,7,7B65D2,7B65D2,5,917CEC,0.656642,0.054424,-0.151983
S_VIOLETA_CLARO_7_COMPARATIVA,secuencial,comparativa,7,7B65D2,7B65D2,6,7761CE,0.567582,0.054424,-0.151983
S_VIOLETA_CLARO_7_COMPARATIVA,secuencial,comparativa,7,7B65D2,7B65D2,7,5F46B0,0.479703,0.054424,-0.151983
S_VIOLETA_CLARO_7_SENSIBLE,secuencial,sensible,7,7B65D2,7B65D2,1,F6F5FF,0.973358,0.004522,-0.012629
S_VIOLETA_CLARO_7_SENSIBLE,secuencial,sensible,7,7B65D2,7B65D2,2,D6D2FF,0.880754,0.021026,-0.058717
S_VIOLETA_CLARO_7_SENSIBLE,secuencial,sensible,7,7B65D2,7B65D2,3,B9AEFF,0.789865,0.038477,-0.10745
S_VIOLETA_CLARO_7_SENSIBLE,secuencial,sensible,7,7B65D2,7B65D2,4,9E8AFB,0.699248,0.054424,-0.151983
S_VIOLETA_CLARO_7_SENSIBLE,secuencial,sensible,7,7B65D2,7B65D2,5,7F69D7,0.594203,0.054424,-0.151983
S_VIOLETA_CLARO_7_SENSIBLE,secuencial,sensible,7,7B65D2,7B65D2,6,6249B4,0.490285,0.054424,-0.151983
S_VIOLETA_CLARO_7_SENSIBLE,secuencial,sensible,7,7B65D2,7B65D2,7,472992,0.386091,0.054424,-0.151983
S_VIOLETA_CLARO_7_CRITICA,secuencial,critica,7,7B65D2,7B65D2,1,F6F5FF,0.973358,0.004522,-0.012629
S_VIOLETA_CLARO_7_CRITICA,secuencial,critica,7,7B65D2,7B65D2,2,D2CCFF,0.867414,0.023508,-0.065648
S_VIOLETA_CLARO_7_CRITICA,secuencial,critica,7,7B65D2,7B65D2,3,B1A3FF,0.763515,0.043777,-0.122253
S_VIOLETA_CLARO_7_CRITICA,secuencial,critica,7,7B65D2,7B65D2,4,907BEA,0.652058,0.054424,-0.151983
S_VIOLETA_CLARO_7_CRITICA,secuencial,critica,7,7B65D2,7B65D2,5,6D56C2,0.531728,0.054424,-0.151983
S_VIOLETA_CLARO_7_CRITICA,secuencial,critica,7,7B65D2,7B65D2,6,4D319A,0.410756,0.054424,-0.151983
S_VIOLETA_CLARO_7_CRITICA,secuencial,critica,7,7B65D2,7B65D2,7,310474,0.292888,0.054424,-0.151983
S_VIOLETA_INTENSO_7_COMPARATIVA,secuencial,comparativa,7,924FFC,924FFC,1,F7F5FF,0.973563,0.006139,-0.012593
S_VIOLETA_INTENSO_7_COMPARATIVA,secuencial,comparativa,7,924FFC,924FFC,2,DFD5FF,0.894168,0.025402,-0.052107
S_VIOLETA_INTENSO_7_COMPARATIVA,secuencial,comparativa,7,924FFC,924FFC,3,C8B5FF,0.816028,0.045633,-0.093605
S_VIOLETA_INTENSO_7_COMPARATIVA,secuencial,comparativa,7,924FFC,924FFC,4,B495FF,0.739584,0.066705,-0.136829
S_VIOLETA_INTENSO_7_COMPARATIVA,secuencial,comparativa,7,924FFC,924FFC,5,A171FF,0.664292,0.088726,-0.182
S_VIOLETA_INTENSO_7_COMPARATIVA,secuencial,comparativa,7,924FFC,924FFC,6,8E4AF6,0.584949,0.105375,-0.216153
S_VIOLETA_INTENSO_7_COMPARATIVA,secuencial,comparativa,7,924FFC,924FFC,7,7425D7,0.494867,0.10594,-0.21731
S_VIOLETA_INTENSO_7_SENSIBLE,secuencial,sensible,7,924FFC,924FFC,1,F7F5FF,0.973563,0.006139,-0.012593
S_VIOLETA_INTENSO_7_SENSIBLE,secuencial,sensible,7,924FFC,924FFC,2,DBCFFF,0.879299,0.029152,-0.059799
S_VIOLETA_INTENSO_7_SENSIBLE,secuencial,sensible,7,924FFC,924FFC,3,C0A9FF,0.787144,0.053444,-0.109627
S_VIOLETA_INTENSO_7_SENSIBLE,secuencial,sensible,7,924FFC,924FFC,4,A981FF,0.696339,0.079199,-0.162457
S_VIOLETA_INTENSO_7_SENSIBLE,secuencial,sensible,7,924FFC,924FFC,5,9453FD,0.606903,0.104397,-0.214147
S_VIOLETA_INTENSO_7_SENSIBLE,secuencial,sensible,7,924FFC,924FFC,6,7527D8,0.498165,0.105639,-0.216693
S_VIOLETA_INTENSO_7_SENSIBLE,secuencial,sensible,7,924FFC,924FFC,7,5800AB,0.398047,0.09524,-0.195363
S_VIOLETA_INTENSO_7_CRITICA,secuencial,critica,7,924FFC,924FFC,1,F7F5FF,0.973563,0.006139,-0.012593
S_VIOLETA_INTENSO_7_CRITICA,secuencial,critica,7,924FFC,924FFC,2,D6C8FF,0.86203,0.033566,-0.068853
S_VIOLETA_INTENSO_7_CRITICA,secuencial,critica,7,924FFC,924FFC,3,B79BFF,0.753266,0.062839,-0.128898
S_VIOLETA_INTENSO_7_CRITICA,secuencial,critica,7,924FFC,924FFC,4,9D69FF,0.64742,0.093833,-0.192476
S_VIOLETA_INTENSO_7_CRITICA,secuencial,critica,7,924FFC,924FFC,5,7D35E1,0.526782,0.105094,-0.215576
S_VIOLETA_INTENSO_7_CRITICA,secuencial,critica,7,924FFC,924FFC,6,5A00AE,0.403452,0.096534,-0.198016
S_VIOLETA_INTENSO_7_CRITICA,secuencial,critica,7,924FFC,924FFC,7,380070,0.293432,0.070209,-0.144018
S_VIOLETA_LAVANDA_7_COMPARATIVA,secuencial,comparativa,7,9F57D6,9F57D6,1,F9F4FF,0.974015,0.009686,-0.012515
S_VIOLETA_LAVANDA_7_COMPARATIVA,secuencial,comparativa,7,9F57D6,9F57D6,2,E9D3FF,0.89783,0.039349,-0.05084
S_VIOLETA_LAVANDA_7_COMPARATIVA,secuencial,comparativa,7,9F57D6,9F57D6,3,DAB1FF,0.823268,0.070301,-0.09083
S_VIOLETA_LAVANDA_7_COMPARATIVA,secuencial,comparativa,7,9F57D6,9F57D6,4,CB8EFF,0.750202,0.10257,-0.132522
S_VIOLETA_LAVANDA_7_COMPARATIVA,secuencial,comparativa,7,9F57D6,9F57D6,5,B56DED,0.66759,0.117132,-0.151337
S_VIOLETA_LAVANDA_7_COMPARATIVA,secuencial,comparativa,7,9F57D6,9F57D6,6,9951CF,0.57771,0.117589,-0.151927
S_VIOLETA_LAVANDA_7_COMPARATIVA,secuencial,comparativa,7,9F57D6,9F57D6,7,7E33B1,0.487946,0.117741,-0.152123
S_VIOLETA_LAVANDA_7_SENSIBLE,secuencial,sensible,7,9F57D6,9F57D6,1,F9F4FF,0.974015,0.009686,-0.012515
S_VIOLETA_LAVANDA_7_SENSIBLE,secuencial,sensible,7,9F57D6,9F57D6,2,E6CDFF,0.884979,0.044545,-0.057552
S_VIOLETA_LAVANDA_7_SENSIBLE,secuencial,sensible,7,9F57D6,9F57D6,3,D4A5FF,0.797877,0.081294,-0.105033
S_VIOLETA_LAVANDA_7_SENSIBLE,secuencial,sensible,7,9F57D6,9F57D6,4,C27CFC,0.71121,0.116516,-0.150541
S_VIOLETA_LAVANDA_7_SENSIBLE,secuencial,sensible,7,9F57D6,9F57D6,5,A15AD8,0.605048,0.117296,-0.151548
S_VIOLETA_LAVANDA_7_SENSIBLE,secuencial,sensible,7,9F57D6,9F57D6,6,8137B5,0.499917,0.117641,-0.151994
S_VIOLETA_LAVANDA_7_SENSIBLE,secuencial,sensible,7,9F57D6,9F57D6,7,630C93,0.394258,0.117741,-0.152123
S_VIOLETA_LAVANDA_7_CRITICA,secuencial,critica,7,9F57D6,9F57D6,1,F9F4FF,0.974015,0.009686,-0.012515
S_VIOLETA_LAVANDA_7_CRITICA,secuencial,critica,7,9F57D6,9F57D6,2,E3C6FF,0.869143,0.051026,-0.065927
S_VIOLETA_LAVANDA_7_CRITICA,secuencial,critica,7,9F57D6,9F57D6,3,CE96FF,0.767177,0.094899,-0.122611
S_VIOLETA_LAVANDA_7_CRITICA,secuencial,critica,7,9F57D6,9F57D6,4,B069E9,0.654328,0.116868,-0.150996
S_VIOLETA_LAVANDA_7_CRITICA,secuencial,critica,7,9F57D6,9F57D6,5,8A41BF,0.529834,0.117478,-0.151784
S_VIOLETA_LAVANDA_7_CRITICA,secuencial,critica,7,9F57D6,9F57D6,6,661397,0.405904,0.117699,-0.152068
S_VIOLETA_LAVANDA_7_CRITICA,secuencial,critica,7,9F57D6,9F57D6,7,400063,0.29213,0.091521,-0.118247
S_VIOLETA_MEDIO_7_COMPARATIVA,secuencial,comparativa,7,8F54B2,8F54B2,1,FAF4FF,0.974183,0.011005,-0.012486
S_VIOLETA_MEDIO_7_COMPARATIVA,secuencial,comparativa,7,8F54B2,8F54B2,2,EDD2FF,0.899936,0.044047,-0.049975
S_VIOLETA_MEDIO_7_COMPARATIVA,secuencial,comparativa,7,8F54B2,8F54B2,3,E0B0FF,0.827432,0.078416,-0.088969
S_VIOLETA_MEDIO_7_COMPARATIVA,secuencial,comparativa,7,8F54B2,8F54B2,4,CD90F3,0.749359,0.099964,-0.113417
S_VIOLETA_MEDIO_7_COMPARATIVA,secuencial,comparativa,7,8F54B2,8F54B2,5,B074D5,0.65991,0.099964,-0.113417
S_VIOLETA_MEDIO_7_COMPARATIVA,secuencial,comparativa,7,8F54B2,8F54B2,6,9459B8,0.570473,0.099964,-0.113417
S_VIOLETA_MEDIO_7_COMPARATIVA,secuencial,comparativa,7,8F54B2,8F54B2,7,7A3F9B,0.482055,0.099964,-0.113417
S_VIOLETA_MEDIO_7_SENSIBLE,secuencial,sensible,7,8F54B2,8F54B2,1,FAF4FF,0.974183,0.011005,-0.012486
S_VIOLETA_MEDIO_7_SENSIBLE,secuencial,sensible,7,8F54B2,8F54B2,2,EACCFF,0.886919,0.050061,-0.056798
S_VIOLETA_MEDIO_7_SENSIBLE,secuencial,sensible,7,8F54B2,8F54B2,3,DBA4FF,0.802142,0.090913,-0.103148
S_VIOLETA_MEDIO_7_SENSIBLE,secuencial,sensible,7,8F54B2,8F54B2,4,BE81E3,0.701975,0.099964,-0.113417
S_VIOLETA_MEDIO_7_SENSIBLE,secuencial,sensible,7,8F54B2,8F54B2,5,9D61C0,0.597235,0.099964,-0.113417
S_VIOLETA_MEDIO_7_SENSIBLE,secuencial,sensible,7,8F54B2,8F54B2,6,7C419E,0.491295,0.099964,-0.113417
S_VIOLETA_MEDIO_7_SENSIBLE,secuencial,sensible,7,8F54B2,8F54B2,7,5E227E,0.387545,0.099964,-0.113417
S_VIOLETA_MEDIO_7_CRITICA,secuencial,critica,7,8F54B2,8F54B2,1,FAF4FF,0.974183,0.011005,-0.012486
S_VIOLETA_MEDIO_7_CRITICA,secuencial,critica,7,8F54B2,8F54B2,2,E8C6FF,0.87377,0.056204,-0.063768
S_VIOLETA_MEDIO_7_CRITICA,secuencial,critica,7,8F54B2,8F54B2,3,D598FC,0.774351,0.099964,-0.113417
S_VIOLETA_MEDIO_7_CRITICA,secuencial,critica,7,8F54B2,8F54B2,4,AE72D3,0.653682,0.099964,-0.113417
S_VIOLETA_MEDIO_7_CRITICA,secuencial,critica,7,8F54B2,8F54B2,5,894EAB,0.531934,0.099964,-0.113417
S_VIOLETA_MEDIO_7_CRITICA,secuencial,critica,7,8F54B2,8F54B2,6,652985,0.410351,0.099964,-0.113417
S_VIOLETA_MEDIO_7_CRITICA,secuencial,critica,7,8F54B2,8F54B2,7,43005F,0.291744,0.096845,-0.109879
S_MORADO_NEON_7_COMPARATIVA,secuencial,comparativa,7,C329EA,C329EA,1,FCF3FF,0.974538,0.013793,-0.012425
S_MORADO_NEON_7_COMPARATIVA,secuencial,comparativa,7,C329EA,C329EA,2,F3CEFF,0.898196,0.057046,-0.051387
S_MORADO_NEON_7_COMPARATIVA,secuencial,comparativa,7,C329EA,C329EA,3,EAA8FF,0.823684,0.102165,-0.092029
S_MORADO_NEON_7_COMPARATIVA,secuencial,comparativa,7,C329EA,C329EA,4,E17FFF,0.751223,0.148942,-0.134166
S_MORADO_NEON_7_COMPARATIVA,secuencial,comparativa,7,C329EA,C329EA,5,D84CFF,0.68097,0.197108,-0.177553
S_MORADO_NEON_7_COMPARATIVA,secuencial,comparativa,7,C329EA,C329EA,6,B91AE0,0.584847,0.201695,-0.181685
S_MORADO_NEON_7_COMPARATIVA,secuencial,comparativa,7,C329EA,C329EA,7,9700B8,0.49711,0.179117,-0.161347
S_MORADO_NEON_7_SENSIBLE,secuencial,sensible,7,C329EA,C329EA,1,FCF3FF,0.974538,0.013793,-0.012425
S_MORADO_NEON_7_SENSIBLE,secuencial,sensible,7,C329EA,C329EA,2,F2C7FF,0.883537,0.06569,-0.059173
S_MORADO_NEON_7_SENSIBLE,secuencial,sensible,7,C329EA,C329EA,3,E799FF,0.795594,0.119952,-0.108052
S_MORADO_NEON_7_SENSIBLE,secuencial,sensible,7,C329EA,C329EA,4,DC64FF,0.710184,0.176739,-0.159205
S_MORADO_NEON_7_SENSIBLE,secuencial,sensible,7,C329EA,C329EA,5,C029E6,0.605052,0.199398,-0.179616
S_MORADO_NEON_7_SENSIBLE,secuencial,sensible,7,C329EA,C329EA,6,9700B8,0.497678,0.179321,-0.161531
S_MORADO_NEON_7_SENSIBLE,secuencial,sensible,7,C329EA,C329EA,7,6E0086,0.394778,0.142245,-0.128133
S_MORADO_NEON_7_CRITICA,secuencial,critica,7,C329EA,C329EA,1,FCF3FF,0.974538,0.013793,-0.012425
S_MORADO_NEON_7_CRITICA,secuencial,critica,7,C329EA,C329EA,2,F0BFFF,0.8686,0.074614,-0.067211
S_MORADO_NEON_7_CRITICA,secuencial,critica,7,C329EA,C329EA,3,E388FF,0.766449,0.13887,-0.125093
S_MORADO_NEON_7_CRITICA,secuencial,critica,7,C329EA,C329EA,4,D146F7,0.661661,0.195241,-0.175871
S_MORADO_NEON_7_CRITICA,secuencial,critica,7,C329EA,C329EA,5,A400C8,0.529945,0.190948,-0.172004
S_MORADO_NEON_7_CRITICA,secuencial,critica,7,C329EA,C329EA,6,73008D,0.409946,0.14771,-0.133056
S_MORADO_NEON_7_CRITICA,secuencial,critica,7,C329EA,C329EA,7,460057,0.290893,0.104813,-0.094415
